publication_id	doi	year	accession	accession_type	assay_as_described	host_organism	relevance	quote	confidence
doi:10.1016/j.synbio.2022.02.007	10.1016/j.synbio.2022.02.007	2022	GSE186126	GEO-series	RNA-seq / transcriptome / expression array; proteomics; metabolomics	Saccharomyces cerevisiae / Escherichia coli [inferred from organism mentions across the paper, not from the quote]	isobutanol_producer	The mass spectrometry proteomics data have been deposited to the MassIVE database with the identifier MSV000088169. The transcriptomics data discussed in this publication has been deposited in NCBI's Gene Expression Omnibus [] and is accessible through GEO Series accession number GSE186126 (https://www.ncbi.nlm.nih.gov/geo/query/acc.cgi?acc=GSE186126). Intracellular metabolomics data is available on GitHub (https://github.com/AmadorNoguezLab/compartmentalized-isobutanol-pathways-in-S.-cerevisiae). The full isobutanol pathway cassette sequence containing mitochondrial-localized enzymes and flanking HO arms is available on GenBank with the identifier MZ541859 (Materials and methods 2.2).	high
doi:10.1016/j.synbio.2022.02.007	10.1016/j.synbio.2022.02.007	2022	MSV000088169	MassIVE-proteomics	RNA-seq / transcriptome / expression array; proteomics; metabolomics	Saccharomyces cerevisiae / Escherichia coli [inferred from organism mentions across the paper, not from the quote]	isobutanol_producer	The mass spectrometry proteomics data have been deposited to the MassIVE database with the identifier MSV000088169. The transcriptomics data discussed in this publication has been deposited in NCBI's Gene Expression Omnibus [] and is accessible through GEO Series accession number GSE186126 (https://www.ncbi.nlm.nih.gov/geo/query/acc.cgi?acc=GSE186126). Intracellular metabolomics data is available on GitHub (https://github.com/AmadorNoguezLab/compartmentalized-isobutanol-pathways-in-S.-cerevisiae). The full isobutanol pathway cassette sequence containing mitochondrial-localized enzymes and flanking HO arms is available on GenBank with the identifier MZ541859 (Materials and methods 2.2).	high
doi:10.1038/msb.2009.34	10.1038/msb.2009.34	2009	GSE13444	GEO-series	RNA-seq / transcriptome / expression array	Escherichia coli / Clostridium spp. [inferred from organism mentions across the paper, not from the quote]	isobutanol_producer	Normalized expression ratios were obtained from lcDNA, which is an open-source MCMC procedure used to normalize and assess the statistical significance of gene expression perturbations from DNA microarray (). Using the Gene Expression Profile Analysis Suite version 4, spot replicate ratios were averaged, genes that were absent in >30% of the slides in an experiment set (e.g., wild-type isobutanol, 10 arrays) were removed, and the remaining missing values were imputed using KNN imputation (k=15) by an experiment set (8–10 arrays) (). The entire gene-expression dataset in MIAME-compliant format has been deposited in the GEO database (www.ncbi.nlm.nih.bo/geo) under accession number GSE13444. Ex	high
doi:10.1038/s41467-024-51029-x	10.1038/s41467-024-51029-x	2024	PRJNA1113154	BioProject	amplicon/metagenome; genome sequencing / resequencing	Escherichia coli / Klebsiella pneumoniae [inferred from organism mentions across the paper, not from the quote]	isobutanol_producer	Data supporting the findings of this work are available within the paper and its Supplementary Information files. A reporting summary for this Article is available as a Supplementary Information file. Whole-genome sequencing results for all strains were deposited on the NCBI sequencing read archive (SRA) under the BioProject number PRJNA1113154 (sample IDs: SAMN41447603 - SAMN41447608). All strains presented in the manuscript can be obtained for academic research from the corresponding author upon request. are provided with this paper.	high
doi:10.1111/1751-7915.14438	10.1111/1751-7915.14438	2024	PXD048679	PRIDE-proteomics	proteomics (PRIDE) [inferred from repository, not stated in quote]	Paenibacillus polymyxa / Escherichia coli [inferred from organism mentions across the paper, not from the quote]	isobutanol_producer	Subsequently, the peptides were loaded onto a 2 cm C18 trap column (ThermoFisher 164946), connected in‐line to a 15 cm C18 reverse‐phase analytical column (Thermo EasySpray ES904) using 0.1% (v/v) formic acid at 750 bar, in a Thermo EasyLC 1200 HPLC system with a column oven operating at 30°C. The peptides were eluted over a 70‐min gradient ranging from 10% to 60% (v/v) of Buffer B at 250 nL min−1, and the Orbitrap Exploris instrument (Thermo Fisher Scientific) was run in DIA mode with FAIMS ProTM Interface (ThermoFisher Scientific) with CV of −45 V. Full MS spectra were collected at a resolution of 120,000, with an AGC target of 300% or maximum injection time set to ‘auto’ and a scan range	low
doi:10.1186/1475-2859-10-18	10.1186/1475-2859-10-18	2011	GSE23526	GEO-series	not described in the declaring sentence; GEO accession implies expression data	Escherichia coli / Clostridium spp. [inferred from organism mentions across the paper, not from the quote]	isobutanol_producer	First, background fluorescence intensities of individual spots were subtracted directly from foreground intensities for background adjustment. Then variance-stabilizing normalization (vsn) and quantile methods without weight were applied sequentially for normalization with software R (2.11.0, "vsn" and "aroma.light" packages [-]). For each strain/isobutanol condition, spots with acceptable signals in at least two out of three biological replicates were chosen for further analysis, which resulted in 4-6 replicates for each probe. Two or three probes for each gene were included on the array. For simplicity, we chose the probe with the smallest overall variation across replicates (measured by t	low
doi:10.1186/1754-6834-7-101	10.1186/1754-6834-7-101	2014	GSE10302	GEO-series	not described in the declaring sentence; GEO accession implies expression data | TABLE CELL: the accession sits in a table; the preceding cell reads: "ZM4 (ATCC31821)"	Zymomonas mobilis / Escherichia coli [inferred from organism mentions across the paper, not from the quote]	isobutanol_producer	GSE10302	medium
doi:10.1186/1754-6834-7-101	10.1186/1754-6834-7-101	2014	GSE18106	GEO-series	not described in the declaring sentence; GEO accession implies expression data | TABLE CELL: the accession sits in a table; the preceding cell reads: "ZM4 (AcR)"	Zymomonas mobilis / Escherichia coli [inferred from organism mentions across the paper, not from the quote]	isobutanol_producer	GSE18106	medium
doi:10.1186/1754-6834-7-101	10.1186/1754-6834-7-101	2014	GSE21165	GEO-series	not described in the declaring sentence; GEO accession implies expression data | TABLE CELL: the accession sits in a table; the preceding cell reads: "[]"	Zymomonas mobilis / Escherichia coli [inferred from organism mentions across the paper, not from the quote]	isobutanol_producer	GSE21165	medium
doi:10.1186/1754-6834-7-101	10.1186/1754-6834-7-101	2014	GSE22355	GEO-series	not described in the declaring sentence; GEO accession implies expression data | TABLE CELL: the accession sits in a table; the preceding cell reads: "RDM-4 strain of Z. mobilis"	Zymomonas mobilis / Escherichia coli [inferred from organism mentions across the paper, not from the quote]	isobutanol_producer	GSE22355	medium
doi:10.1186/1754-6834-7-101	10.1186/1754-6834-7-101	2014	GSE37848	GEO-series	not described in the declaring sentence; GEO accession implies expression data | TABLE CELL: the accession sits in a table; the preceding cell reads: "[]"	Zymomonas mobilis / Escherichia coli [inferred from organism mentions across the paper, not from the quote]	isobutanol_producer	GSE37848	medium
doi:10.1186/1754-6834-7-101	10.1186/1754-6834-7-101	2014	GSE39466	GEO-series	not described in the declaring sentence; GEO accession implies expression data | TABLE CELL: the accession sits in a table; the preceding cell reads: "[]"	Zymomonas mobilis / Escherichia coli [inferred from organism mentions across the paper, not from the quote]	isobutanol_producer	GSE39466	medium
doi:10.1186/1754-6834-7-101	10.1186/1754-6834-7-101	2014	GSE39558	GEO-series	not described in the declaring sentence; GEO accession implies expression data | TABLE CELL: the accession sits in a table; the preceding cell reads: "[]"	Zymomonas mobilis / Escherichia coli [inferred from organism mentions across the paper, not from the quote]	isobutanol_producer	GSE39558	medium
doi:10.1186/1754-6834-7-101	10.1186/1754-6834-7-101	2014	GSE49620	GEO-series	not described in the declaring sentence; GEO accession implies expression data | TABLE CELL: the accession sits in a table; the preceding cell reads: "ZM4 (ATCC31821)"	Zymomonas mobilis / Escherichia coli [inferred from organism mentions across the paper, not from the quote]	isobutanol_producer	GSE49620	medium
doi:10.1186/1754-6834-7-101	10.1186/1754-6834-7-101	2014	GSE51870	GEO-series	not described in the declaring sentence; GEO accession implies expression data | TABLE CELL: the accession sits in a table; the preceding cell reads: "Lawrence Berkeley Laboratory, unpublished data"	Zymomonas mobilis / Escherichia coli [inferred from organism mentions across the paper, not from the quote]	isobutanol_producer	GSE51870	medium
doi:10.1186/s13068-017-0996-5	10.1186/s13068-017-0996-5	2017	DRA006219	DDBJ-DRA	genome sequencing / resequencing	Synechocystis/Synechococcus (cyanobacteria) / Escherichia coli [inferred from organism mentions across the paper, not from the quote]	isobutanol_producer	The whole genome sequence data of T(1), T(2), T(3), and T(4) strains are deposited in the DNA Data Bank of Japan (DDBJ) Sequence Read Archive (DRA) under the Accession Number DRA006219.	high
doi:10.1186/s13068-020-01680-5	10.1186/s13068-020-01680-5	2020	SRP049310	SRA-study	not described in the declaring sentence | TABLE CELL: the accession sits in a table; the preceding cell reads: "∆adhE"	Clostridium spp. / Corynebacterium glutamicum [inferred from organism mentions across the paper, not from the quote]	isobutanol_producer	SRP049310	medium
doi:10.1186/s13068-020-01680-5	10.1186/s13068-020-01680-5	2020	SRP053784	SRA-study	not described in the declaring sentence | TABLE CELL: the accession sits in a table; the preceding cell reads: "∆pta::PgapD-cat-hpt adapted by pH auxostat"	Clostridium spp. / Corynebacterium glutamicum [inferred from organism mentions across the paper, not from the quote]	isobutanol_producer	SRP053784	medium
doi:10.1186/s13068-020-01680-5	10.1186/s13068-020-01680-5	2020	SRP053786	SRA-study	not described in the declaring sentence | TABLE CELL: the accession sits in a table; the preceding cell reads: "∆hpt"	Clostridium spp. / Corynebacterium glutamicum [inferred from organism mentions across the paper, not from the quote]	isobutanol_producer	SRP053786	medium
doi:10.1186/s13068-020-01680-5	10.1186/s13068-020-01680-5	2020	SRP054849	SRA-study	not described in the declaring sentence | TABLE CELL: the accession sits in a table; the preceding cell reads: "∆hpt ∆ldh"	Clostridium spp. / Corynebacterium glutamicum [inferred from organism mentions across the paper, not from the quote]	isobutanol_producer	SRP054849	medium
doi:10.1186/s13068-020-01680-5	10.1186/s13068-020-01680-5	2020	SRP054852	SRA-study	not described in the declaring sentence | TABLE CELL: the accession sits in a table; the preceding cell reads: "∆hpt ∆ldh ∆pta adapted by serial transfer"	Clostridium spp. / Corynebacterium glutamicum [inferred from organism mentions across the paper, not from the quote]	isobutanol_producer	SRP054852	medium
doi:10.1186/s13068-020-01680-5	10.1186/s13068-020-01680-5	2020	SRP054854	SRA-study	not described in the declaring sentence | TABLE CELL: the accession sits in a table; the preceding cell reads: "∆hpt ∆ldh ∆pta"	Clostridium spp. / Corynebacterium glutamicum [inferred from organism mentions across the paper, not from the quote]	isobutanol_producer	SRP054854	medium
doi:10.1186/s13068-020-01680-5	10.1186/s13068-020-01680-5	2020	SRP054855	SRA-study	not described in the declaring sentence | TABLE CELL: the accession sits in a table; the preceding cell reads: "∆hpt ∆pta"	Clostridium spp. / Corynebacterium glutamicum [inferred from organism mentions across the paper, not from the quote]	isobutanol_producer	SRP054855	medium
doi:10.1186/s13068-020-01680-5	10.1186/s13068-020-01680-5	2020	SRP059562	SRA-study	not described in the declaring sentence | TABLE CELL: the accession sits in a table; the preceding cell reads: "∆hptldhS161R ∆adhE::adhED494G"	Clostridium spp. / Corynebacterium glutamicum [inferred from organism mentions across the paper, not from the quote]	isobutanol_producer	SRP059562	medium
doi:10.1186/s13068-020-01680-5	10.1186/s13068-020-01680-5	2020	SRP059563	SRA-study	not described in the declaring sentence | TABLE CELL: the accession sits in a table; the preceding cell reads: "∆hptldhS161R ∆adhE::adhE"	Clostridium spp. / Corynebacterium glutamicum [inferred from organism mentions across the paper, not from the quote]	isobutanol_producer	SRP059563	medium
doi:10.1186/s13068-020-01680-5	10.1186/s13068-020-01680-5	2020	SRP077297	SRA-study	not described in the declaring sentence | TABLE CELL: the accession sits in a table; the preceding cell reads: "∆hpt ∆spo0A ∆ldh ∆pta::PgapD-cat-hpt"	Clostridium spp. / Corynebacterium glutamicum [inferred from organism mentions across the paper, not from the quote]	isobutanol_producer	SRP077297	medium
doi:10.1186/s13068-020-01680-5	10.1186/s13068-020-01680-5	2020	SRP077312	SRA-study	not described in the declaring sentence | TABLE CELL: the accession sits in a table; the preceding cell reads: "Wt"	Clostridium spp. / Corynebacterium glutamicum [inferred from organism mentions across the paper, not from the quote]	isobutanol_producer	SRP077312	medium
doi:10.1186/s13068-020-01680-5	10.1186/s13068-020-01680-5	2020	SRP083690	SRA-study	not described in the declaring sentence | TABLE CELL: the accession sits in a table; the preceding cell reads: "∆hpt ∆spo0A ∆ldh ∆pta::PgapD-cat-hpt adapted by pH auxostat"	Clostridium spp. / Corynebacterium glutamicum [inferred from organism mentions across the paper, not from the quote]	isobutanol_producer	SRP083690	medium
doi:10.1186/s13068-020-01680-5	10.1186/s13068-020-01680-5	2020	SRP083691	SRA-study	not described in the declaring sentence | TABLE CELL: the accession sits in a table; the preceding cell reads: "∆hpt ∆spo0A ∆pta"	Clostridium spp. / Corynebacterium glutamicum [inferred from organism mentions across the paper, not from the quote]	isobutanol_producer	SRP083691	medium
doi:10.1186/s13068-020-01680-5	10.1186/s13068-020-01680-5	2020	SRP083692	SRA-study	not described in the declaring sentence | TABLE CELL: the accession sits in a table; the preceding cell reads: "∆hpt ∆spo0A ∆ldh"	Clostridium spp. / Corynebacterium glutamicum [inferred from organism mentions across the paper, not from the quote]	isobutanol_producer	SRP083692	medium
doi:10.1186/s13068-020-01680-5	10.1186/s13068-020-01680-5	2020	SRP083695	SRA-study	not described in the declaring sentence | TABLE CELL: the accession sits in a table; the preceding cell reads: "∆hpt ∆spo0A ∆ldh ∆pta::PgapD-cat-hpt adapted by chemostat"	Clostridium spp. / Corynebacterium glutamicum [inferred from organism mentions across the paper, not from the quote]	isobutanol_producer	SRP083695	medium
doi:10.1186/s13068-020-01680-5	10.1186/s13068-020-01680-5	2020	SRP083697	SRA-study	not described in the declaring sentence | TABLE CELL: the accession sits in a table; the preceding cell reads: "∆hpt ∆spo0A"	Clostridium spp. / Corynebacterium glutamicum [inferred from organism mentions across the paper, not from the quote]	isobutanol_producer	SRP083697	medium
doi:10.1186/s13068-021-01958-2	10.1186/s13068-021-01958-2	2021	SRP196443	SRA-study	not described in the declaring sentence | TABLE CELL: the accession sits in a table; the preceding cell reads: "NZ_VIVG01000001.1"	Zymomonas mobilis / Escherichia coli [inferred from organism mentions across the paper, not from the quote]	isobutanol_producer	SRP196443	medium
doi:10.1186/s13068-021-01958-2	10.1186/s13068-021-01958-2	2021	SRP196445	SRA-study	not described in the declaring sentence | TABLE CELL: the accession sits in a table; the preceding cell reads: "NZ_VFOD01000001.1"	Zymomonas mobilis / Escherichia coli [inferred from organism mentions across the paper, not from the quote]	isobutanol_producer	SRP196445	medium
doi:10.1186/s13068-021-01958-2	10.1186/s13068-021-01958-2	2021	SRP196447	SRA-study	not described in the declaring sentence | TABLE CELL: the accession sits in a table; the preceding cell reads: "NZ_VFNW01000001.1"	Zymomonas mobilis / Escherichia coli [inferred from organism mentions across the paper, not from the quote]	isobutanol_producer	SRP196447	medium
doi:10.1186/s13068-021-01958-2	10.1186/s13068-021-01958-2	2021	SRP196448	SRA-study	not described in the declaring sentence | TABLE CELL: the accession sits in a table; the preceding cell reads: "NZ_VIVT01000001.1"	Zymomonas mobilis / Escherichia coli [inferred from organism mentions across the paper, not from the quote]	isobutanol_producer	SRP196448	medium
doi:10.1186/s13068-021-01958-2	10.1186/s13068-021-01958-2	2021	SRP196501	SRA-study	not described in the declaring sentence | TABLE CELL: the accession sits in a table; the preceding cell reads: "NZ_VFOI01000001.1"	Zymomonas mobilis / Escherichia coli [inferred from organism mentions across the paper, not from the quote]	isobutanol_producer	SRP196501	medium
doi:10.1186/s13068-021-01958-2	10.1186/s13068-021-01958-2	2021	SRP196503	SRA-study	not described in the declaring sentence | TABLE CELL: the accession sits in a table; the preceding cell reads: "NZ_VFOH01000001.1"	Zymomonas mobilis / Escherichia coli [inferred from organism mentions across the paper, not from the quote]	isobutanol_producer	SRP196503	medium
doi:10.1186/s13068-021-01958-2	10.1186/s13068-021-01958-2	2021	SRP196505	SRA-study	not described in the declaring sentence | TABLE CELL: the accession sits in a table; the preceding cell reads: "NZ_VFOF01000001.1"	Zymomonas mobilis / Escherichia coli [inferred from organism mentions across the paper, not from the quote]	isobutanol_producer	SRP196505	medium
doi:10.1186/s13068-021-01958-2	10.1186/s13068-021-01958-2	2021	SRP196506	SRA-study	not described in the declaring sentence | TABLE CELL: the accession sits in a table; the preceding cell reads: "NZ_VFOG01000001.1"	Zymomonas mobilis / Escherichia coli [inferred from organism mentions across the paper, not from the quote]	isobutanol_producer	SRP196506	medium
doi:10.1186/s13068-021-01958-2	10.1186/s13068-021-01958-2	2021	SRP196507	SRA-study	not described in the declaring sentence | TABLE CELL: the accession sits in a table; the preceding cell reads: "NZ_VIVF01000001.1"	Zymomonas mobilis / Escherichia coli [inferred from organism mentions across the paper, not from the quote]	isobutanol_producer	SRP196507	medium
doi:10.1186/s13068-021-02048-z	10.1186/s13068-021-02048-z	2021	GSE175794	GEO-series	amplicon/metagenome	Saccharomyces cerevisiae / Escherichia coli [inferred from organism mentions across the paper, not from the quote]	isobutanol_producer	The datasets supporting the conclusions of this article are included in the article and its additional files. The NGS data generated in the present study are available in the NCBI repository (GSE175794).	high
doi:10.1186/s13068-021-02059-w	10.1186/s13068-021-02059-w	2021	SRR5629781	SRA-run	genome sequencing / resequencing	Saccharomyces cerevisiae / Homo sapiens [inferred from organism mentions across the paper, not from the quote]	isobutanol_producer	Raw whole-genome sequencing reads of F6 segregants and the 2 parental strains are available at https://www.ncbi.nlm.nih.gov/sra (SRR5634347–SRR5634826, SRR5629781–SRR5630260, SRR5630261–SRR5630452); genotypic data of the panel were obtained from She & Jarosz (2018). Phenotypic data of 1125 F6 segregants for the mapping experiments are included in the Additional file . Phenotypic data of the main and the supplementary figures are available in the Additional file and 5, respectively. All custom codes and a detailed documentation of the mapping of the IMA1-MAL locus are freely available on GitHub (https://github.com/peaceway33/PWH-FermentationP2G). Correspondence and requests for materials and	high
doi:10.1186/s13068-021-02059-w	10.1186/s13068-021-02059-w	2021	SRR5630260	SRA-run	genome sequencing / resequencing	Saccharomyces cerevisiae / Homo sapiens [inferred from organism mentions across the paper, not from the quote]	isobutanol_producer	Raw whole-genome sequencing reads of F6 segregants and the 2 parental strains are available at https://www.ncbi.nlm.nih.gov/sra (SRR5634347–SRR5634826, SRR5629781–SRR5630260, SRR5630261–SRR5630452); genotypic data of the panel were obtained from She & Jarosz (2018). Phenotypic data of 1125 F6 segregants for the mapping experiments are included in the Additional file . Phenotypic data of the main and the supplementary figures are available in the Additional file and 5, respectively. All custom codes and a detailed documentation of the mapping of the IMA1-MAL locus are freely available on GitHub (https://github.com/peaceway33/PWH-FermentationP2G). Correspondence and requests for materials and	high
doi:10.1186/s13068-021-02059-w	10.1186/s13068-021-02059-w	2021	SRR5630261	SRA-run	genome sequencing / resequencing	Saccharomyces cerevisiae / Homo sapiens [inferred from organism mentions across the paper, not from the quote]	isobutanol_producer	Raw whole-genome sequencing reads of F6 segregants and the 2 parental strains are available at https://www.ncbi.nlm.nih.gov/sra (SRR5634347–SRR5634826, SRR5629781–SRR5630260, SRR5630261–SRR5630452); genotypic data of the panel were obtained from She & Jarosz (2018). Phenotypic data of 1125 F6 segregants for the mapping experiments are included in the Additional file . Phenotypic data of the main and the supplementary figures are available in the Additional file and 5, respectively. All custom codes and a detailed documentation of the mapping of the IMA1-MAL locus are freely available on GitHub (https://github.com/peaceway33/PWH-FermentationP2G). Correspondence and requests for materials and	high
doi:10.1186/s13068-021-02059-w	10.1186/s13068-021-02059-w	2021	SRR5630452	SRA-run	genome sequencing / resequencing	Saccharomyces cerevisiae / Homo sapiens [inferred from organism mentions across the paper, not from the quote]	isobutanol_producer	Raw whole-genome sequencing reads of F6 segregants and the 2 parental strains are available at https://www.ncbi.nlm.nih.gov/sra (SRR5634347–SRR5634826, SRR5629781–SRR5630260, SRR5630261–SRR5630452); genotypic data of the panel were obtained from She & Jarosz (2018). Phenotypic data of 1125 F6 segregants for the mapping experiments are included in the Additional file . Phenotypic data of the main and the supplementary figures are available in the Additional file and 5, respectively. All custom codes and a detailed documentation of the mapping of the IMA1-MAL locus are freely available on GitHub (https://github.com/peaceway33/PWH-FermentationP2G). Correspondence and requests for materials and	high
doi:10.1186/s13068-021-02059-w	10.1186/s13068-021-02059-w	2021	SRR5634347	SRA-run	genome sequencing / resequencing	Saccharomyces cerevisiae / Homo sapiens [inferred from organism mentions across the paper, not from the quote]	isobutanol_producer	Raw whole-genome sequencing reads of F6 segregants and the 2 parental strains are available at https://www.ncbi.nlm.nih.gov/sra (SRR5634347–SRR5634826, SRR5629781–SRR5630260, SRR5630261–SRR5630452); genotypic data of the panel were obtained from She & Jarosz (2018). Phenotypic data of 1125 F6 segregants for the mapping experiments are included in the Additional file . Phenotypic data of the main and the supplementary figures are available in the Additional file and 5, respectively. All custom codes and a detailed documentation of the mapping of the IMA1-MAL locus are freely available on GitHub (https://github.com/peaceway33/PWH-FermentationP2G). Correspondence and requests for materials and	high
doi:10.1186/s13068-021-02059-w	10.1186/s13068-021-02059-w	2021	SRR5634826	SRA-run	genome sequencing / resequencing	Saccharomyces cerevisiae / Homo sapiens [inferred from organism mentions across the paper, not from the quote]	isobutanol_producer	Raw whole-genome sequencing reads of F6 segregants and the 2 parental strains are available at https://www.ncbi.nlm.nih.gov/sra (SRR5634347–SRR5634826, SRR5629781–SRR5630260, SRR5630261–SRR5630452); genotypic data of the panel were obtained from She & Jarosz (2018). Phenotypic data of 1125 F6 segregants for the mapping experiments are included in the Additional file . Phenotypic data of the main and the supplementary figures are available in the Additional file and 5, respectively. All custom codes and a detailed documentation of the mapping of the IMA1-MAL locus are freely available on GitHub (https://github.com/peaceway33/PWH-FermentationP2G). Correspondence and requests for materials and	high
doi:10.1534/g3.118.200677	10.1534/g3.118.200677	2018	GSE118069	GEO-series	not described in the declaring sentence; GEO accession implies expression data	Saccharomyces cerevisiae / Clostridium spp. [inferred from organism mentions across the paper, not from the quote]	isobutanol_producer	Strains were grown at 30° with shaking to mid-log phase for seven generations in YPD. The culture was then used to inoculate YPD, YPD + 0.8% 1-butanol, YPD + 1% isobutanol, YPD + 4% ethanol (or YPD + 3% ethanol for anaerobic conditions, since WA did not grow well anaerobically on 4% ethanol), grown for three generations and collected during log phase by centrifugation. Collections were performed in duplicate on different days, such that replicate pairs could be analyzed using paired statistics. Analyzing all 12 samples together with a multi-factorial linear model provided additional statistical power (see below). RNA was processed as previously described (). Briefly, RNA was extracted by hot	low
doi:10.1016/j.crfs.2023.100628	10.1016/j.crfs.2023.100628	2023	PRJNA1020104	BioProject	amplicon/metagenome	Aspergillus / Lactococcus/Lactobacillus [inferred from organism mentions across the paper, not from the quote]	isobutanol_exposure	Total DNA was extracted from the precipitate according to the protocol of rapid DNA extraction kit (MN NucleoSpin 96 Soi, Germany). The extracted DNA was used as a template, and the V3–V4 region of bacterial 16S rDNA were amplified by 338F (5’-ACTCCTACGGGAGGCAGCAG-3’) and 806-R (5’-GGACTACHVGGGTWTCTAAT-3’) (). And ITS5-1737-F (5’-GGAAGTAAAAGTCGTAACAAGG-3’) and ITS2-2043-R (5’-GCTGCGTTC TTCATCGATGC-3’) primers were used for internal transcribed spacers (ITS) rRNA amplification from the extracted DNA (). The PCR amplification conditions of bacteria were according to a previous study (). And the conditions for PCR amplification of fungi refer to a previous study by . Then, the PCR products were	low
doi:10.1038/ncomms15187	10.1038/ncomms15187	2017	SRP072720	SRA-study	not described in the declaring sentence	Saccharomyces cerevisiae / Escherichia coli [inferred from organism mentions across the paper, not from the quote]	isobutanol_exposure	The raw reads of the NGS data were deposited into the Sequence Read Archive (SRA) database (accession number: SRP072720) at the National Center for Biotechnology Information (NCBI).	high
doi:10.1038/s41598-018-37979-5	10.1038/s41598-018-37979-5	2019	SRP097241	SRA-study	not described in the declaring sentence | TABLE CELL: the accession sits in a table; the preceding cell reads: "DSM1313 Δhpt ΔClo1313_0478"	Clostridium spp. / Escherichia coli [inferred from organism mentions across the paper, not from the quote]	isobutanol_exposure	SRP097241	medium
doi:10.1038/s41598-018-37979-5	10.1038/s41598-018-37979-5	2019	SRP163069	SRA-study	not described in the declaring sentence | TABLE CELL: the accession sits in a table; the preceding cell reads: "n-butanol tolerant mutant isolate 5"	Clostridium spp. / Escherichia coli [inferred from organism mentions across the paper, not from the quote]	isobutanol_exposure	SRP163069	medium
doi:10.1038/s41598-018-37979-5	10.1038/s41598-018-37979-5	2019	SRP163070	SRA-study	not described in the declaring sentence | TABLE CELL: the accession sits in a table; the preceding cell reads: "n-butanol tolerant mutant isolate 4"	Clostridium spp. / Escherichia coli [inferred from organism mentions across the paper, not from the quote]	isobutanol_exposure	SRP163070	medium
doi:10.1038/s41598-018-37979-5	10.1038/s41598-018-37979-5	2019	SRP163071	SRA-study	not described in the declaring sentence | TABLE CELL: the accession sits in a table; the preceding cell reads: "n-butanol tolerant mutant isolate 6"	Clostridium spp. / Escherichia coli [inferred from organism mentions across the paper, not from the quote]	isobutanol_exposure	SRP163071	medium
doi:10.1038/s41598-018-37979-5	10.1038/s41598-018-37979-5	2019	SRP163072	SRA-study	not described in the declaring sentence | TABLE CELL: the accession sits in a table; the preceding cell reads: "n-butanol tolerant mutant isolate 3"	Clostridium spp. / Escherichia coli [inferred from organism mentions across the paper, not from the quote]	isobutanol_exposure	SRP163072	medium
doi:10.1038/s41598-018-37979-5	10.1038/s41598-018-37979-5	2019	SRP163075	SRA-study	not described in the declaring sentence | TABLE CELL: the accession sits in a table; the preceding cell reads: "n-butanol tolerant mutant isolate 1"	Clostridium spp. / Escherichia coli [inferred from organism mentions across the paper, not from the quote]	isobutanol_exposure	SRP163075	medium
doi:10.1038/s41598-018-37979-5	10.1038/s41598-018-37979-5	2019	SRP163076	SRA-study	not described in the declaring sentence | TABLE CELL: the accession sits in a table; the preceding cell reads: "n-butanol tolerant mutant isolate 2"	Clostridium spp. / Escherichia coli [inferred from organism mentions across the paper, not from the quote]	isobutanol_exposure	SRP163076	medium
doi:10.1038/s41598-018-37979-5	10.1038/s41598-018-37979-5	2019	SRX744221	SRA-experiment	not described in the declaring sentence | TABLE CELL: the accession sits in a table; the preceding cell reads: "LL1004 Δhpt ΔadhE ldh(S161R)"	Clostridium spp. / Escherichia coli [inferred from organism mentions across the paper, not from the quote]	isobutanol_exposure	SRX744221	medium
doi:10.1038/s41598-020-67635-w	10.1038/s41598-020-67635-w	2020	GSE107996	GEO-series	RNA-seq / transcriptome / expression array; genome sequencing / resequencing	Escherichia coli / Lactococcus/Lactobacillus [inferred from organism mentions across the paper, not from the quote]	isobutanol_exposure	The RNA-seq data has been deposited in the Gene Expression Omnibus database at national center for biotechnology information (NCBI) (GEO: https://www.ncbi.nlm.nih.gov/geo/query/acc.cgi?acc=GSE107996) under the Accession Number GSE107996. Genome sequencing data has been deposited to SRA with accession PRJNA492719 and the draft genome has been deposited to NCBI under the GenBank accession CP032526. All other information regarding data generated and materials used in the present study are presented in the paper and supplementary files.	high
doi:10.1038/s41598-020-67635-w	10.1038/s41598-020-67635-w	2020	PRJNA492719	BioProject	RNA-seq / transcriptome / expression array; genome sequencing / resequencing	Escherichia coli / Lactococcus/Lactobacillus [inferred from organism mentions across the paper, not from the quote]	isobutanol_exposure	The RNA-seq data has been deposited in the Gene Expression Omnibus database at national center for biotechnology information (NCBI) (GEO: https://www.ncbi.nlm.nih.gov/geo/query/acc.cgi?acc=GSE107996) under the Accession Number GSE107996. Genome sequencing data has been deposited to SRA with accession PRJNA492719 and the draft genome has been deposited to NCBI under the GenBank accession CP032526. All other information regarding data generated and materials used in the present study are presented in the paper and supplementary files.	high
doi:10.1093/nar/gkag775	10.1093/nar/gkag775	2026	PRJNA1450559	BioProject	amplicon/metagenome	Escherichia coli / Homo sapiens [inferred from organism mentions across the paper, not from the quote]	isobutanol_exposure	The targeted amplicon sequencing data generated in this study have been deposited in the NCBI Sequence Read Archive (SRA) under the accession number PRJNA1450559. All other relevant data are avilable in the main text or the source data. All custom codes are available at https://github.com/Liurmlab/NGS and https://doi.org/10.5281/zenodo.18993788.	high
doi:10.1128/spectrum.00610-25	10.1128/spectrum.00610-25	2025	MTBLS12808	MetaboLights	proteomics	Zymomonas mobilis / Escherichia coli [inferred from organism mentions across the paper, not from the quote]	isobutanol_exposure	The LC–MS lipid method was performed using a Vanquish ultra-high-performance liquid chromatography (UHPLC) system (Thermo Scientific) coupled to a hybrid quadrupole-Orbitrap mass spectrometer (Q Exactive; Thermo Scientific). The chromatography was performed on a reverse-phase C18 column (Acquity UPLC CSH) (1.7 µm particle size, 2.1 × 100 mm column). Solvent A was 70% acetonitrile and 30% H2O with 10 mM ammonium acetate and 250 µL acetic acid per liter. Solvent B was 90% isopropanol and 10% acetonitrile with 10 mM ammonium acetate and 250 µL acetic acid per liter. The total run time was 33 minutes. Flow rate was held constant at 0.4 mL/min. The chromatography gradient was as follows: 2% solve	low
doi:10.1128/spectrum.00610-25	10.1128/spectrum.00610-25	2025	PXD066951	PRIDE-proteomics	proteomics	Zymomonas mobilis / Escherichia coli [inferred from organism mentions across the paper, not from the quote]	isobutanol_exposure	For every analysis, 2 µg of peptides were loaded onto a 75-μm inner-diameter (i.d.), 30 cm long capillary featuring an embedded electrospray emitter, and were packed into a C18 BEH column with 1.7 µm particle size. The mobile phases were as follows: phase A, 0.2% formic acid; and phase B, 0.2% formic acid–70% acetonitrile. Peptides were eluted using a gradient that transitioned from 0 to 75% B over 42 minutes, followed by a 4-minute wash with 100% B and a 10-minute equilibration in 100% A, resulting in a comprehensive 60-minute gradient. The eluting peptides were analyzed using an Orbitrap Fusion Lumos mass spectrometer (Thermo Scientific). Survey scans were conducted at a resolution of 240,	low
doi:10.1186/1754-6834-6-48	10.1186/1754-6834-6-48	2013	PRJNA191134	BioProject	genome sequencing / resequencing	Saccharomyces cerevisiae / Escherichia coli [inferred from organism mentions across the paper, not from the quote]	isobutanol_exposure	Genomic DNA of the strains CEN.PK113-7D, CEN.PK113-1A, IMS0344, IMS0346, IMS0348, IMS0350, IMS0351, IMS0353, IMS0355 and IMS0357 was prepared as described previously []. Libraries of 350-bp insert were constructed and paired end sequenced (100 base pair reads) using an illlumina HISeq 2000 sequencer (Baseclear BV, Leiden, The Netherlands). A minimum data quantity of 950 Mb was generated for each strain, representing a minimum 80-fold coverage. The sequence reads were mapped onto CEN.PK113-7D genome [] using Burrows–Wheeler Alignment tool (BWA) and further processed using SAMtools [-]. Single-nucleotide variations were extracted from the mapping using SAMtools’ varFilter. Default settings wer	low
doi:10.1186/s13068-018-1089-9	10.1186/s13068-018-1089-9	2018	PRJNA417511	BioProject	genome sequencing / resequencing	Saccharomyces cerevisiae / Schizosaccharomyces pombe [inferred from organism mentions across the paper, not from the quote]	isobutanol_exposure	Genomic DNA was isolated from the evolved strains with the YeaStar™ genomic DNA kit. Barcode-indexed genomic DNA sequencing libraries were generated from 1 µg of DNA each. The DNA samples were sheared on a Diagenode Bioruptor NGS sonicator (Diagenode, Liege, Belgium) to an average length of 300 bp. The libraries were prepared with the TruSeq Library Prep Kit (Illumina, San Diego, CA) following the instructions of the manufacturer. Libraries were analyzed with a Bioanalyzer 2100 instrument (Agilent, Santa Clara, CA), quantified by fluorometry on a Qubit instrument (LifeTechnologies, Carlsbad, CA) and pooled in equimolar ratios. The library pool was quantified by qPCR with a Kapa Library Quant	low
doi:10.1186/s13068-018-1245-2	10.1186/s13068-018-1245-2	2018	SRP097241	SRA-study	not described in the declaring sentence | TABLE CELL: the accession sits in a table; the preceding cell reads: "DSM1313 ∆hpt ∆clo1313_0478"	Clostridium spp. / Escherichia coli [inferred from organism mentions across the paper, not from the quote]	isobutanol_exposure	SRP097241	medium
doi:10.1186/s13068-018-1245-2	10.1186/s13068-018-1245-2	2018	SRP101300	SRA-study	genome sequencing / resequencing	Clostridium spp. / Escherichia coli [inferred from organism mentions across the paper, not from the quote]	isobutanol_exposure	Routine Sanger sequencing of plasmids was performed by Genewiz. Inc., with at least twofold coverage of the cloned regions. Whole genome resequencing of strains was performed by the Department of Energy Joint Genome Institute, using the Illumina Miseq sequencing platform, with an average of 100-fold coverage. Sequencing data were analyzed with the CLC Genomics workbench, using strain LL1319 as the reference genome (accession number SRP101300). Accession numbers for strains and plasmids are listed in Table . A summary of the resequencing results can be found in Additional file .	high
doi:10.1186/s13068-018-1245-2	10.1186/s13068-018-1245-2	2018	SRP141156	SRA-study	not described in the declaring sentence | TABLE CELL: the accession sits in a table; the preceding cell reads: "LL1319 Clo1313_2637::PpforA(Tsc)pforA(Tsc)-fd(Tsc)"	Clostridium spp. / Escherichia coli [inferred from organism mentions across the paper, not from the quote]	isobutanol_exposure	SRP141156	medium
doi:10.1186/s13068-018-1245-2	10.1186/s13068-018-1245-2	2018	SRP144013	SRA-study	not described in the declaring sentence | TABLE CELL: the accession sits in a table; the preceding cell reads: "LL1391 ΔClo1313_0020-0023"	Clostridium spp. / Escherichia coli [inferred from organism mentions across the paper, not from the quote]	isobutanol_exposure	SRP144013	medium
doi:10.1186/s13068-018-1245-2	10.1186/s13068-018-1245-2	2018	SRP144031	SRA-study	not described in the declaring sentence | TABLE CELL: the accession sits in a table; the preceding cell reads: "AG929 Clo1313_2637::PpforA(Tsc)pforA(Tsc) -fd(Tsc)"	Clostridium spp. / Escherichia coli [inferred from organism mentions across the paper, not from the quote]	isobutanol_exposure	SRP144031	medium
doi:10.1186/s13068-018-1245-2	10.1186/s13068-018-1245-2	2018	SRP144035	SRA-study	not described in the declaring sentence | TABLE CELL: the accession sits in a table; the preceding cell reads: "LL1319 Clo1313_2637::PpforA(Tsc)pforA(Tsc)"	Clostridium spp. / Escherichia coli [inferred from organism mentions across the paper, not from the quote]	isobutanol_exposure	SRP144035	medium
doi:10.1186/s13068-018-1245-2	10.1186/s13068-018-1245-2	2018	SRP144036	SRA-study	not described in the declaring sentence | TABLE CELL: the accession sits in a table; the preceding cell reads: "DSM1313 Δhpt ΔClo1313_0020-0023 Prpi: kivdLL – Ppck: ilvBNCCT – PilvD: ilvDCT"	Clostridium spp. / Escherichia coli [inferred from organism mentions across the paper, not from the quote]	isobutanol_exposure	SRP144036	medium
doi:10.1186/s13068-018-1245-2	10.1186/s13068-018-1245-2	2018	SRP144037	SRA-study	not described in the declaring sentence | TABLE CELL: the accession sits in a table; the preceding cell reads: "LL1436 ΔClo1313_1353-1356"	Clostridium spp. / Escherichia coli [inferred from organism mentions across the paper, not from the quote]	isobutanol_exposure	SRP144037	medium
doi:10.1186/s13068-018-1245-2	10.1186/s13068-018-1245-2	2018	SRP144038	SRA-study	not described in the declaring sentence | TABLE CELL: the accession sits in a table; the preceding cell reads: "LL1391 ΔClo1313_1353-1356"	Clostridium spp. / Escherichia coli [inferred from organism mentions across the paper, not from the quote]	isobutanol_exposure	SRP144038	medium
doi:10.1186/s13068-018-1245-2	10.1186/s13068-018-1245-2	2018	SRP144039	SRA-study	not described in the declaring sentence | TABLE CELL: the accession sits in a table; the preceding cell reads: "DSM1313 Δhpt ΔClo1313_1615-1616"	Clostridium spp. / Escherichia coli [inferred from organism mentions across the paper, not from the quote]	isobutanol_exposure	SRP144039	medium
doi:10.1186/s13068-018-1245-2	10.1186/s13068-018-1245-2	2018	SRP144040	SRA-study	not described in the declaring sentence | TABLE CELL: the accession sits in a table; the preceding cell reads: "DSM1313 Δhpt ΔClo1313_0382-0385"	Clostridium spp. / Escherichia coli [inferred from organism mentions across the paper, not from the quote]	isobutanol_exposure	SRP144040	medium
doi:10.1186/s13068-018-1245-2	10.1186/s13068-018-1245-2	2018	SRP144045	SRA-study	not described in the declaring sentence | TABLE CELL: the accession sits in a table; the preceding cell reads: "LL1437 ΔClo1313_0020-0023"	Clostridium spp. / Escherichia coli [inferred from organism mentions across the paper, not from the quote]	isobutanol_exposure	SRP144045	medium
doi:10.1186/s13068-018-1245-2	10.1186/s13068-018-1245-2	2018	SRP144049	SRA-study	not described in the declaring sentence | TABLE CELL: the accession sits in a table; the preceding cell reads: "LL1569 ΔClo1313_1615-1616"	Clostridium spp. / Escherichia coli [inferred from organism mentions across the paper, not from the quote]	isobutanol_exposure	SRP144049	medium
doi:10.1186/s13068-018-1245-2	10.1186/s13068-018-1245-2	2018	SRP144051	SRA-study	not described in the declaring sentence | TABLE CELL: the accession sits in a table; the preceding cell reads: "LL1568 ΔClo1313_0382-0385"	Clostridium spp. / Escherichia coli [inferred from organism mentions across the paper, not from the quote]	isobutanol_exposure	SRP144051	medium
doi:10.1186/s13068-018-1245-2	10.1186/s13068-018-1245-2	2018	SRP144054	SRA-study	not described in the declaring sentence | TABLE CELL: the accession sits in a table; the preceding cell reads: "LL1438 ΔClo1313_0673"	Clostridium spp. / Escherichia coli [inferred from organism mentions across the paper, not from the quote]	isobutanol_exposure	SRP144054	medium
doi:10.1186/s13568-022-01418-6	10.1186/s13568-022-01418-6	2022	SRP303296	SRA-study	amplicon/metagenome; genome sequencing / resequencing	Lactococcus/Lactobacillus / Saccharomyces cerevisiae [inferred from organism mentions across the paper, not from the quote]	isobutanol_exposure	Microbial DNA was extracted from the samples by the E.Z.N.A.® soil DNA kit (OMEGA Bio-tek, America). The quality of genomic DNA quality was detected by 1% agarose gel electrophoresis. The V3-V4 hypervariable regions of the bacterial 16S rRNA gene were amplified by thermocycler polymerase chain reaction (PCR). The thermocycler PCR system process was set at: 95 °C for 5 min; 25 cycles at 95 °C for 30 s, 55 °C for 30 s and 72 °C for 40 s; followed by extension at 72 °C for 10 min. Primers were 338 F (5′-ACTCCTACGGGAGGCAGCAG-3′) and 806 R (5′-GGACTACHVGGGTWTCTAAT-3′). The internal transcribed spacer ITS1 region of fungi was amplified by PCR with a system process set at: 95 °C for 2 min; 30 cycle	low
doi:10.1186/s13568-022-01418-6	10.1186/s13568-022-01418-6	2022	SRP303298	SRA-study	amplicon/metagenome; genome sequencing / resequencing	Lactococcus/Lactobacillus / Saccharomyces cerevisiae [inferred from organism mentions across the paper, not from the quote]	isobutanol_exposure	Microbial DNA was extracted from the samples by the E.Z.N.A.® soil DNA kit (OMEGA Bio-tek, America). The quality of genomic DNA quality was detected by 1% agarose gel electrophoresis. The V3-V4 hypervariable regions of the bacterial 16S rRNA gene were amplified by thermocycler polymerase chain reaction (PCR). The thermocycler PCR system process was set at: 95 °C for 5 min; 25 cycles at 95 °C for 30 s, 55 °C for 30 s and 72 °C for 40 s; followed by extension at 72 °C for 10 min. Primers were 338 F (5′-ACTCCTACGGGAGGCAGCAG-3′) and 806 R (5′-GGACTACHVGGGTWTCTAAT-3′). The internal transcribed spacer ITS1 region of fungi was amplified by PCR with a system process set at: 95 °C for 2 min; 30 cycle	low
doi:10.1002/jez.2274	10.1002/jez.2274	2019	MTBLS921	MetaboLights	metabolomics | TABLE CELL: the accession sits in a table; the preceding cell reads: "N"	Mus musculus / Homo sapiens [inferred from organism mentions across the paper, not from the quote]	mitochondrial	Note: The raw data from this analysis have been deposited in the MetaboLights database (RRID: SCR_014663) under access code MTBLS921.	medium
doi:10.1007/s00253-023-12946-x	10.1007/s00253-023-12946-x	2024	SRR22682660	SRA-run	genome sequencing / resequencing	Saccharomyces cerevisiae / Homo sapiens [inferred from organism mentions across the paper, not from the quote]	mitochondrial	Genomic DNA samples of Ent and the evolved Ent ev16 and ev17 were extracted using a PureLink™ Genomic DNA Mini Kit (Invitrogen™, Thermo Fisher Scientific, Carlsbad, CA, USA). Whole-genome sequencing of the DNA samples was performed using an Illumina HiSeq X Ten platform (Illumina, San Diego, CA, USA) with the pair-end 2 × 150 bp format. The sequence reads of each strain were mapped onto the reference genome of the probiotic yeast S. boulardii ATCC MYA-796 (GenBank: JRHY00000000) (Batista et al. ) using the Burrows–Wheeler alignment (BWA) tool (Li and Durbin ). Identification of single-nucleotide variants (SNVs) was performed using the Sequence Alignment/Map tool (Li et al. ). Trimmomatic was	low
doi:10.1007/s00253-023-12946-x	10.1007/s00253-023-12946-x	2024	SRR22805713	SRA-run	genome sequencing / resequencing	Saccharomyces cerevisiae / Homo sapiens [inferred from organism mentions across the paper, not from the quote]	mitochondrial	Genomic DNA samples of Ent and the evolved Ent ev16 and ev17 were extracted using a PureLink™ Genomic DNA Mini Kit (Invitrogen™, Thermo Fisher Scientific, Carlsbad, CA, USA). Whole-genome sequencing of the DNA samples was performed using an Illumina HiSeq X Ten platform (Illumina, San Diego, CA, USA) with the pair-end 2 × 150 bp format. The sequence reads of each strain were mapped onto the reference genome of the probiotic yeast S. boulardii ATCC MYA-796 (GenBank: JRHY00000000) (Batista et al. ) using the Burrows–Wheeler alignment (BWA) tool (Li and Durbin ). Identification of single-nucleotide variants (SNVs) was performed using the Sequence Alignment/Map tool (Li et al. ). Trimmomatic was	low
doi:10.1007/s00253-023-12946-x	10.1007/s00253-023-12946-x	2024	SRR22824388	SRA-run	genome sequencing / resequencing	Saccharomyces cerevisiae / Homo sapiens [inferred from organism mentions across the paper, not from the quote]	mitochondrial	Genomic DNA samples of Ent and the evolved Ent ev16 and ev17 were extracted using a PureLink™ Genomic DNA Mini Kit (Invitrogen™, Thermo Fisher Scientific, Carlsbad, CA, USA). Whole-genome sequencing of the DNA samples was performed using an Illumina HiSeq X Ten platform (Illumina, San Diego, CA, USA) with the pair-end 2 × 150 bp format. The sequence reads of each strain were mapped onto the reference genome of the probiotic yeast S. boulardii ATCC MYA-796 (GenBank: JRHY00000000) (Batista et al. ) using the Burrows–Wheeler alignment (BWA) tool (Li and Durbin ). Identification of single-nucleotide variants (SNVs) was performed using the Sequence Alignment/Map tool (Li et al. ). Trimmomatic was	low
doi:10.1007/s00253-023-12946-x	10.1007/s00253-023-12946-x	2024	SRR22904015	SRA-run	RNA-seq / transcriptome / expression array; genome sequencing / resequencing	Saccharomyces cerevisiae / Homo sapiens [inferred from organism mentions across the paper, not from the quote]	mitochondrial	Total RNA samples of the ancestral Ent and the evolved Ent ev16 strains under 6.0 g/L acetic acid, induced for 1 h at 37 °C, were used in this experiment. RNA-seq library preparation (Martin and Wang ) by using the Illumina TruSeq Stranded mRNA library and transcriptome sequencing were carried out as a service by Macrogen (Seoul, Korea). The reads were trimmed and mapped to the S. boulardii unique28 reference genome (https://www.ncbi.nlm.nih.gov/nuccore/LIOO00000000.1) (Khatri et al. ) using HISAT2 version 2.1.0, a splice-aware aligner (Kim et al. ) (https://ccb.jhu.edu/software/hisat2/index.shtml). The transcripts were assembled by StringTie version 2.1.3b (Pertea et al. ) (https://ccb.jhu.	low
doi:10.1007/s00253-023-12946-x	10.1007/s00253-023-12946-x	2024	SRR22904016	SRA-run	RNA-seq / transcriptome / expression array; genome sequencing / resequencing	Saccharomyces cerevisiae / Homo sapiens [inferred from organism mentions across the paper, not from the quote]	mitochondrial	Total RNA samples of the ancestral Ent and the evolved Ent ev16 strains under 6.0 g/L acetic acid, induced for 1 h at 37 °C, were used in this experiment. RNA-seq library preparation (Martin and Wang ) by using the Illumina TruSeq Stranded mRNA library and transcriptome sequencing were carried out as a service by Macrogen (Seoul, Korea). The reads were trimmed and mapped to the S. boulardii unique28 reference genome (https://www.ncbi.nlm.nih.gov/nuccore/LIOO00000000.1) (Khatri et al. ) using HISAT2 version 2.1.0, a splice-aware aligner (Kim et al. ) (https://ccb.jhu.edu/software/hisat2/index.shtml). The transcripts were assembled by StringTie version 2.1.3b (Pertea et al. ) (https://ccb.jhu.	low
doi:10.1016/j.engmic.2023.100108	10.1016/j.engmic.2023.100108	2024	GSE96829	GEO-series	RNA-seq / transcriptome / expression array; genome sequencing / resequencing	Saccharomyces cerevisiae / Komagataella/Pichia [inferred from organism mentions across the paper, not from the quote]	mitochondrial	RNA libraries were prepared and sequenced with an Illumina Genome Analyzer IIx (Majorbio, Shanghai, China) using 36-bp single-end sequencing. Approximately 16 million clean reads corresponding to approximately 48-fold coverage of the reference genome were generated for each library. DEG in the evolved strain, ScY01, with respect to the parental strain, ScY, was analyzed by using a downstream analysis pipeline based on the reference genome of strain S288c (sequence assembly version R64) . The clean reads were aligned to the reference transcriptome by using the Bowtie (version 1.1.1) software . Subsequently, transcript quantification was carried out from RSEM mappings . The MARS method impleme	low
doi:10.1016/j.jbc.2021.100869	10.1016/j.jbc.2021.100869	2021	PXD025862	PRIDE-proteomics	amplicon/metagenome; proteomics	Schizosaccharomyces pombe / Saccharomyces cerevisiae [inferred from organism mentions across the paper, not from the quote]	mitochondrial	The mass spectrometry proteomics data have been deposited to the ProteomeXchange Consortium via the PRIDE () partner repository with the dataset identifier PXD025862. All data that support the findings of this study are contained within the article and its .	high
doi:10.1016/j.xgen.2023.100418	10.1016/j.xgen.2023.100418	2023	PRJNA1007585	BioProject	RNA-seq / transcriptome / expression array; genome sequencing / resequencing	Saccharomyces cerevisiae / Escherichia coli [inferred from organism mentions across the paper, not from the quote]	mitochondrial	RNAseq data have been deposited at NCBI BioSample:https://www.ncbi.nlm.nih.gov/biosample/SAMN37120063, SAMN37120064, SAMN37120065. Illumina sequence data for ysXIb16 (synXI_9.11) have been deposited at NCBI BioProject:https://www.ncbi.nlm.nih.gov/bioproject/PRJNA351844. Nanopore sequence data for ysXIb03 (synXI_9.03) and ysXIb08 (synXI_9.08) have been deposited at NCBI BioProject:PRJNA1007585. All deposited data are publicly available as of the date of publication.	high
doi:10.1016/j.xgen.2023.100418	10.1016/j.xgen.2023.100418	2023	PRJNA351844	BioProject	RNA-seq / transcriptome / expression array; genome sequencing / resequencing	Saccharomyces cerevisiae / Escherichia coli [inferred from organism mentions across the paper, not from the quote]	mitochondrial	RNAseq data have been deposited at NCBI BioSample:https://www.ncbi.nlm.nih.gov/biosample/SAMN37120063, SAMN37120064, SAMN37120065. Illumina sequence data for ysXIb16 (synXI_9.11) have been deposited at NCBI BioProject:https://www.ncbi.nlm.nih.gov/bioproject/PRJNA351844. Nanopore sequence data for ysXIb03 (synXI_9.03) and ysXIb08 (synXI_9.08) have been deposited at NCBI BioProject:PRJNA1007585. All deposited data are publicly available as of the date of publication.	high
doi:10.1021/acs.jproteome.1c00139	10.1021/acs.jproteome.1c00139	2021	PXD006631	PRIDE-proteomics	proteomics	Saccharomyces cerevisiae [inferred from organism mentions across the paper, not from the quote]	mitochondrial	a total of 2485 yeast proteins (Supporting Information Table S1, ProteomeXchange PXD006631). The proteins	medium
doi:10.1038/s41467-021-26850-3	10.1038/s41467-021-26850-3	2021	MSV000088204	MassIVE-proteomics	proteomics (MassIVE) [inferred from repository, not stated in quote]	Saccharomyces cerevisiae / Candida/Scheffersomyces [inferred from organism mentions across the paper, not from the quote]	mitochondrial	AP-MS samples and controls were analyzed by MS in two biological replicates, as previously described,, with the following modifications. Samples in 5% formic acid were directly loaded at 800 nl/min for 20 min onto a 100 µm × 15 cm nano-spray emitter. Peptides were eluted from the column with an acetonitrile gradient generated by an Eksigent ekspert™ nanoLC 425 and analyzed on a TripleTOF™ 6600 instrument (AB SCIEX, Concord, Ontario, Canada). The gradient was delivered at 400 nL/min from 2% acetonitrile with 0.1% formic acid to 35% acetonitrile with 0.1% formic acid using a linear gradient of 90 min. This was followed by a 15-min wash with 80% acetonitrile with 0.1% formic acid, and equilibra	low
doi:10.1038/s41467-021-26850-3	10.1038/s41467-021-26850-3	2021	PXD029002	PRIDE-proteomics	proteomics (PRIDE) [inferred from repository, not stated in quote]	Saccharomyces cerevisiae / Candida/Scheffersomyces [inferred from organism mentions across the paper, not from the quote]	mitochondrial	AP-MS samples and controls were analyzed by MS in two biological replicates, as previously described,, with the following modifications. Samples in 5% formic acid were directly loaded at 800 nl/min for 20 min onto a 100 µm × 15 cm nano-spray emitter. Peptides were eluted from the column with an acetonitrile gradient generated by an Eksigent ekspert™ nanoLC 425 and analyzed on a TripleTOF™ 6600 instrument (AB SCIEX, Concord, Ontario, Canada). The gradient was delivered at 400 nL/min from 2% acetonitrile with 0.1% formic acid to 35% acetonitrile with 0.1% formic acid using a linear gradient of 90 min. This was followed by a 15-min wash with 80% acetonitrile with 0.1% formic acid, and equilibra	low
doi:10.1038/s41467-022-28467-6	10.1038/s41467-022-28467-6	2022	PXD030003	PRIDE-proteomics	proteomics	Saccharomyces cerevisiae / Escherichia coli [inferred from organism mentions across the paper, not from the quote]	mitochondrial	The resulting MaxQuant output was then analysed using the MSstats package (version 3.5.6) in the R environment (version 3.3.3) to obtain differential expression fold changes with associated p values, along with normalised LFQ and intensity values. The mass spectrometry proteomics data have been deposited to the ProteomeXchange Consortium via the PRIDE partner repository with the dataset identifier PXD030003.	high
doi:10.1038/s41467-022-33168-1	10.1038/s41467-022-33168-1	2022	GSE183184	GEO-series	ChIP-seq; RNA-seq / transcriptome / expression array; proteomics; metabolomics	Mus musculus / Saccharomyces cerevisiae [inferred from organism mentions across the paper, not from the quote]	mitochondrial	The transcriptome (RNA-seq) and ChIP-seq data are deposited in NCBI’s Gene Expression Omnibus (GEO) and can be accessed through GEO Series accession ID GEO: GSE183184. Metabolomics data (performed as described in the ) have been deposited to the EMBL-EBI MetaboLights database with the identifier MTBLS5745. The mass spectrometry proteomics data have been deposited to the ProteomeXchange Consortium via the PRIDE partner repository with the dataset identifier PXD033799. are provided with this paper.	high
doi:10.1038/s41467-022-33168-1	10.1038/s41467-022-33168-1	2022	MTBLS5745	MetaboLights	ChIP-seq; RNA-seq / transcriptome / expression array; proteomics; metabolomics	Mus musculus / Saccharomyces cerevisiae [inferred from organism mentions across the paper, not from the quote]	mitochondrial	The transcriptome (RNA-seq) and ChIP-seq data are deposited in NCBI’s Gene Expression Omnibus (GEO) and can be accessed through GEO Series accession ID GEO: GSE183184. Metabolomics data (performed as described in the ) have been deposited to the EMBL-EBI MetaboLights database with the identifier MTBLS5745. The mass spectrometry proteomics data have been deposited to the ProteomeXchange Consortium via the PRIDE partner repository with the dataset identifier PXD033799. are provided with this paper.	high
doi:10.1038/s41467-022-33168-1	10.1038/s41467-022-33168-1	2022	PXD033799	PRIDE-proteomics	ChIP-seq; RNA-seq / transcriptome / expression array; proteomics; metabolomics	Mus musculus / Saccharomyces cerevisiae [inferred from organism mentions across the paper, not from the quote]	mitochondrial	The transcriptome (RNA-seq) and ChIP-seq data are deposited in NCBI’s Gene Expression Omnibus (GEO) and can be accessed through GEO Series accession ID GEO: GSE183184. Metabolomics data (performed as described in the ) have been deposited to the EMBL-EBI MetaboLights database with the identifier MTBLS5745. The mass spectrometry proteomics data have been deposited to the ProteomeXchange Consortium via the PRIDE partner repository with the dataset identifier PXD033799. are provided with this paper.	high
doi:10.1038/s41467-026-71391-2	10.1038/s41467-026-71391-2	2026	GSE126360	GEO-series	amplicon/metagenome; RNA-seq / transcriptome / expression array	Homo sapiens / Mus musculus [inferred from organism mentions across the paper, not from the quote]	mitochondrial	35 days-old MOs from control iPSCs were dissociated for scRNAseq using the papain dissociation system (Worthington). Papain was prepared by adding 5 ml of EBSS to one papain vial and incubated for 10 min at 37 °C. Additionally, 500 μl of EBSS was added to one DNAse vial and gently mixed. Half of the volume of DNAse in EBSS was then added to the papain vial, resulting in a final concentration of approximately 20 units/ml of papain and 0.005% DNase. About 48 individual MOs were collected onto a 6 well-plate, washed with PBS, and incubated with 2 ml of pre-warmed papain/DNase solution for 5–10 min at 37 °C in an orbital shaker. Using a 1 ml pipette, the organoids were gently triturated by mixin	low
doi:10.1038/s41467-026-71391-2	10.1038/s41467-026-71391-2	2026	GSE133894	GEO-series	amplicon/metagenome; RNA-seq / transcriptome / expression array	Homo sapiens / Mus musculus [inferred from organism mentions across the paper, not from the quote]	mitochondrial	35 days-old MOs from control iPSCs were dissociated for scRNAseq using the papain dissociation system (Worthington). Papain was prepared by adding 5 ml of EBSS to one papain vial and incubated for 10 min at 37 °C. Additionally, 500 μl of EBSS was added to one DNAse vial and gently mixed. Half of the volume of DNAse in EBSS was then added to the papain vial, resulting in a final concentration of approximately 20 units/ml of papain and 0.005% DNase. About 48 individual MOs were collected onto a 6 well-plate, washed with PBS, and incubated with 2 ml of pre-warmed papain/DNase solution for 5–10 min at 37 °C in an orbital shaker. Using a 1 ml pipette, the organoids were gently triturated by mixin	low
doi:10.1038/s41467-026-71391-2	10.1038/s41467-026-71391-2	2026	GSE152915	GEO-series	RNA-seq / transcriptome / expression array	Homo sapiens / Mus musculus [inferred from organism mentions across the paper, not from the quote]	mitochondrial	Additional scRNAseq data used in this study have been previously deposited in the Gene Expression Omnibus (GEO) database: GSE152915, GSE126360, (https://www.ncbi.nlm.nih.gov/geo/query/acc.cgi?acc=GSE126360), GSE133894, GSE271852.	high
doi:10.1038/s41467-026-71391-2	10.1038/s41467-026-71391-2	2026	GSE271852	GEO-series	amplicon/metagenome; RNA-seq / transcriptome / expression array	Homo sapiens / Mus musculus [inferred from organism mentions across the paper, not from the quote]	mitochondrial	35 days-old MOs from control iPSCs were dissociated for scRNAseq using the papain dissociation system (Worthington). Papain was prepared by adding 5 ml of EBSS to one papain vial and incubated for 10 min at 37 °C. Additionally, 500 μl of EBSS was added to one DNAse vial and gently mixed. Half of the volume of DNAse in EBSS was then added to the papain vial, resulting in a final concentration of approximately 20 units/ml of papain and 0.005% DNase. About 48 individual MOs were collected onto a 6 well-plate, washed with PBS, and incubated with 2 ml of pre-warmed papain/DNase solution for 5–10 min at 37 °C in an orbital shaker. Using a 1 ml pipette, the organoids were gently triturated by mixin	low
doi:10.1038/s41467-026-71391-2	10.1038/s41467-026-71391-2	2026	PRJNA1378526	BioProject	single-cell; RNA-seq / transcriptome / expression array	Homo sapiens / Mus musculus [inferred from organism mentions across the paper, not from the quote]	mitochondrial	Single-cell RNA sequencing (scRNAseq) data are deposited in the Sequence Read Archive (SRA) with bioproject number PRJNA1378526 and can be downloaded at: https://www.ncbi.nlm.nih.gov/bioproject/?term=PRJNA1378526.	high
doi:10.1038/s41586-019-1549-9	10.1038/s41586-019-1549-9	2019	ERP109205	ENA-study	not described in the declaring sentence	Saccharomyces cerevisiae [inferred from organism mentions across the paper, not from the quote]	mitochondrial	Data availability: The primary sequencing data have been deposited in the European Nucleotide Archive in the study ERP109205 under the accession numbers detailed in . Gene-specific information is available interactively at the address http://sgv.gurdon.cam.ac.uk.	high
doi:10.1038/s41586-019-1549-9	10.1038/s41586-019-1549-9	2019	ERS616991	ENA-sample	amplicon/metagenome; genome sequencing / resequencing	Saccharomyces cerevisiae [inferred from organism mentions across the paper, not from the quote]	mitochondrial	(a) Sequencing coverage across the mitochondrial genome of a wild-type haploid (BY4741; accession ERS616991). Shaded areas indicate regions (loosely corresponding to COX1 and COX3 genes) used to estimate total mtDNA content. (b) mtDNA regions of low sequence coverage correspond to regions with strongly reduced GC content. (c) Comparison of mtDNA content estimated by qPCR and by WGS. The same DNA samples (as indicated by labels) were analyzed by qPCR and WGS. Two estimates were extracted from WGS data: “from COX1” indicates estimation using a large region of the COX1 gene and the genome-wide median for reference (the same method used for the entire YKOC); “from qPCR amplicon” indicates a smal	high
doi:10.1038/s41598-019-39489-4	10.1038/s41598-019-39489-4	2019	GSE115660	GEO-series	RNA-seq / transcriptome / expression array	Saccharomyces cerevisiae / Homo sapiens [inferred from organism mentions across the paper, not from the quote]	mitochondrial	All microarray datasets related to this study were deposited in the GEO (NCBI) repository and are accessible through the Accession number: GSE115660.	high
doi:10.1038/s41598-022-26843-2	10.1038/s41598-022-26843-2	2022	SRR15944185	SRA-run	not described in the declaring sentence	Saccharomyces cerevisiae / Aspergillus [inferred from organism mentions across the paper, not from the quote]	mitochondrial	Raw sequencing files, scripts and all supplementary data are available at https://labis.cbmeg.unicamp.br/labis/publicacoes/71-sa1-pcoumaric, fastq reads were deposited on Sequence Read Archive with the following accession codes: SRR15944188 (DP06); SRR15944187 (DP07); SRR15944185 (DP09); SRR15944186 (DP19). Additionally, all files can also be accessed via Unicamp’s Research Data Repository via DOI code 10.25824/redu.	high
doi:10.1038/s41598-022-26843-2	10.1038/s41598-022-26843-2	2022	SRR15944186	SRA-run	not described in the declaring sentence	Saccharomyces cerevisiae / Aspergillus [inferred from organism mentions across the paper, not from the quote]	mitochondrial	Raw sequencing files, scripts and all supplementary data are available at https://labis.cbmeg.unicamp.br/labis/publicacoes/71-sa1-pcoumaric, fastq reads were deposited on Sequence Read Archive with the following accession codes: SRR15944188 (DP06); SRR15944187 (DP07); SRR15944185 (DP09); SRR15944186 (DP19). Additionally, all files can also be accessed via Unicamp’s Research Data Repository via DOI code 10.25824/redu.	high
doi:10.1038/s41598-022-26843-2	10.1038/s41598-022-26843-2	2022	SRR15944187	SRA-run	not described in the declaring sentence	Saccharomyces cerevisiae / Aspergillus [inferred from organism mentions across the paper, not from the quote]	mitochondrial	Raw sequencing files, scripts and all supplementary data are available at https://labis.cbmeg.unicamp.br/labis/publicacoes/71-sa1-pcoumaric, fastq reads were deposited on Sequence Read Archive with the following accession codes: SRR15944188 (DP06); SRR15944187 (DP07); SRR15944185 (DP09); SRR15944186 (DP19). Additionally, all files can also be accessed via Unicamp’s Research Data Repository via DOI code 10.25824/redu.	high
doi:10.1038/s41598-022-26843-2	10.1038/s41598-022-26843-2	2022	SRR15944188	SRA-run	not described in the declaring sentence	Saccharomyces cerevisiae / Aspergillus [inferred from organism mentions across the paper, not from the quote]	mitochondrial	Raw sequencing files, scripts and all supplementary data are available at https://labis.cbmeg.unicamp.br/labis/publicacoes/71-sa1-pcoumaric, fastq reads were deposited on Sequence Read Archive with the following accession codes: SRR15944188 (DP06); SRR15944187 (DP07); SRR15944185 (DP09); SRR15944186 (DP19). Additionally, all files can also be accessed via Unicamp’s Research Data Repository via DOI code 10.25824/redu.	high
doi:10.1038/s41598-025-29037-8	10.1038/s41598-025-29037-8	2025	PRJEB100532	BioProject	genome sequencing / resequencing	not determined [inferred from organism mentions across the paper, not from the quote]	mitochondrial	The raw sequencing data have been deposited in the NCBI Sequence Read Archive (SRA) under BioProject PRJNA1288782 (https://www.ncbi.nlm.nih.gov/bioproject/PRJNA1288782) with accession numbers SRX29599295–SRX29599302. The draft genome sequence of M. gelida PAMC 26583 (GCA_977009815) has been deposited in the European Nucleotide Archive (ENA) under BioProject PRJEB100863. The draft genome sequence of M. robertii PAMC 26600 (GCA_977005135) and mitochondrial genome sequences ( M. gelida PAMC 26583: GCA_977005115; M. robertii PAMC 26600: GCA_977005125) have been deposited in the ENA under BioProject PRJEB100532. In addition, the assembled genome and mitochondrial genome sequences, together with p	high
doi:10.1038/s41598-025-29037-8	10.1038/s41598-025-29037-8	2025	PRJEB100863	BioProject	genome sequencing / resequencing	not determined [inferred from organism mentions across the paper, not from the quote]	mitochondrial	The raw sequencing data have been deposited in the NCBI Sequence Read Archive (SRA) under BioProject PRJNA1288782 (https://www.ncbi.nlm.nih.gov/bioproject/PRJNA1288782) with accession numbers SRX29599295–SRX29599302. The draft genome sequence of M. gelida PAMC 26583 (GCA_977009815) has been deposited in the European Nucleotide Archive (ENA) under BioProject PRJEB100863. The draft genome sequence of M. robertii PAMC 26600 (GCA_977005135) and mitochondrial genome sequences ( M. gelida PAMC 26583: GCA_977005115; M. robertii PAMC 26600: GCA_977005125) have been deposited in the ENA under BioProject PRJEB100532. In addition, the assembled genome and mitochondrial genome sequences, together with p	high
doi:10.1038/s41598-025-29037-8	10.1038/s41598-025-29037-8	2025	PRJNA1288782	BioProject	genome sequencing / resequencing	not determined [inferred from organism mentions across the paper, not from the quote]	mitochondrial	The raw sequencing data have been deposited in the NCBI Sequence Read Archive (SRA) under BioProject PRJNA1288782 (https://www.ncbi.nlm.nih.gov/bioproject/PRJNA1288782) with accession numbers SRX29599295–SRX29599302. The draft genome sequence of M. gelida PAMC 26583 (GCA_977009815) has been deposited in the European Nucleotide Archive (ENA) under BioProject PRJEB100863. The draft genome sequence of M. robertii PAMC 26600 (GCA_977005135) and mitochondrial genome sequences ( M. gelida PAMC 26583: GCA_977005115; M. robertii PAMC 26600: GCA_977005125) have been deposited in the ENA under BioProject PRJEB100532. In addition, the assembled genome and mitochondrial genome sequences, together with p	high
doi:10.1038/s41598-025-29037-8	10.1038/s41598-025-29037-8	2025	SRX29599295	SRA-experiment	genome sequencing / resequencing	not determined [inferred from organism mentions across the paper, not from the quote]	mitochondrial	The raw sequencing data have been deposited in the NCBI Sequence Read Archive (SRA) under BioProject PRJNA1288782 (https://www.ncbi.nlm.nih.gov/bioproject/PRJNA1288782) with accession numbers SRX29599295–SRX29599302. The draft genome sequence of M. gelida PAMC 26583 (GCA_977009815) has been deposited in the European Nucleotide Archive (ENA) under BioProject PRJEB100863. The draft genome sequence of M. robertii PAMC 26600 (GCA_977005135) and mitochondrial genome sequences ( M. gelida PAMC 26583: GCA_977005115; M. robertii PAMC 26600: GCA_977005125) have been deposited in the ENA under BioProject PRJEB100532. In addition, the assembled genome and mitochondrial genome sequences, together with p	high
doi:10.1038/s41598-025-29037-8	10.1038/s41598-025-29037-8	2025	SRX29599302	SRA-experiment	genome sequencing / resequencing	not determined [inferred from organism mentions across the paper, not from the quote]	mitochondrial	The raw sequencing data have been deposited in the NCBI Sequence Read Archive (SRA) under BioProject PRJNA1288782 (https://www.ncbi.nlm.nih.gov/bioproject/PRJNA1288782) with accession numbers SRX29599295–SRX29599302. The draft genome sequence of M. gelida PAMC 26583 (GCA_977009815) has been deposited in the European Nucleotide Archive (ENA) under BioProject PRJEB100863. The draft genome sequence of M. robertii PAMC 26600 (GCA_977005135) and mitochondrial genome sequences ( M. gelida PAMC 26583: GCA_977005115; M. robertii PAMC 26600: GCA_977005125) have been deposited in the ENA under BioProject PRJEB100532. In addition, the assembled genome and mitochondrial genome sequences, together with p	high
doi:10.1038/s42255-026-01454-7	10.1038/s42255-026-01454-7	2026	GSE314127	GEO-series	RNA-seq / transcriptome / expression array; metabolomics	Homo sapiens / Saccharomyces cerevisiae [inferred from organism mentions across the paper, not from the quote]	mitochondrial	RNA-seq data have been deposited in the Gene Expression Omnibus database under accession number GSE314127. Metabolomics data have been deposited in the Metabolomics Workbench repository with the study IDs ST004411 (radioisotopes tracing data) and ST004410 (semi-targeted data). are provided with this paper.	high
doi:10.1073/pnas.1918216117	10.1073/pnas.1918216117	2020	PXD012802	PRIDE-proteomics	proteomics	Saccharomyces cerevisiae [inferred from organism mentions across the paper, not from the quote]	mitochondrial	The mass spectrometry proteomics datasets have been deposited in the ProteomeXchange Consortium via the Proteomics Identification Database partner repository () with the dataset identifiers PXD012802 and PXD012803. All data pertaining to this study, as well as any code used for analysis, are available from the corresponding author upon request.	high
doi:10.1073/pnas.1918216117	10.1073/pnas.1918216117	2020	PXD012803	PRIDE-proteomics	proteomics	Saccharomyces cerevisiae [inferred from organism mentions across the paper, not from the quote]	mitochondrial	The mass spectrometry proteomics datasets have been deposited in the ProteomeXchange Consortium via the Proteomics Identification Database partner repository () with the dataset identifiers PXD012802 and PXD012803. All data pertaining to this study, as well as any code used for analysis, are available from the corresponding author upon request.	high
doi:10.1073/pnas.2101242118	10.1073/pnas.2101242118	2021	PRJEB44105	BioProject	not described in the declaring sentence	Saccharomyces cerevisiae / Mus musculus [inferred from organism mentions across the paper, not from the quote]	mitochondrial	Sequencing data have been deposited in the European Nucleotide Archive (https://www.ebi.ac.uk/ena/browser/view/PRJEB44105) (). All other study data are included in the article and/or supporting information.	high
doi:10.1074/mcp.ra119.001839	10.1074/mcp.ra119.001839	2020	PXD014055	PRIDE-proteomics	proteomics	Saccharomyces cerevisiae / Mus musculus [inferred from organism mentions across the paper, not from the quote]	mitochondrial	The mass spectrometry proteomics data have been deposited in the ProteomeXchange Consortium via the PRIDE () partner repository with the dataset identifier PXD014055 and PXD017066. Peptide assignments can be viewed using Kojak Viewer. Instructions are available in supplemental material 4.	high
doi:10.1074/mcp.ra119.001839	10.1074/mcp.ra119.001839	2020	PXD017066	PRIDE-proteomics	proteomics	Saccharomyces cerevisiae / Mus musculus [inferred from organism mentions across the paper, not from the quote]	mitochondrial	The mass spectrometry proteomics data have been deposited in the ProteomeXchange Consortium via the PRIDE () partner repository with the dataset identifier PXD014055 and PXD017066. Peptide assignments can be viewed using Kojak Viewer. Instructions are available in supplemental material 4.	high
doi:10.1080/15476286.2021.1943929	10.1080/15476286.2021.1943929	2021	PXD024934	PRIDE-proteomics	proteomics	Saccharomyces cerevisiae / Candida/Scheffersomyces [inferred from organism mentions across the paper, not from the quote]	mitochondrial	The data that support the findings of this study are openly available in NCBI Sequence Read Archive (SRA) repository at http://www.ncbi.nlm.nih.gov/bioproject/662600, and in ProteomeXchange at https://www.doi.org/10.6019/PXD024934.	high
doi:10.1080/23802359.2024.2364756	10.1080/23802359.2024.2364756	2024	PRJNA1025866	BioProject	genome sequencing / resequencing	Saccharomyces cerevisiae / Komagataella/Pichia [inferred from organism mentions across the paper, not from the quote]	mitochondrial	The genome sequence data that support the findings of this study are openly available in the NCBI GenBank at https://www.ncbi.nlm.nih.gov/under accession no. OR664026. The associated BioProject, SRA, and Bio-Sample numbers are PRJNA1025866, SRR26320845 and SAMN37723664, respectively.	high
doi:10.1080/23802359.2024.2364756	10.1080/23802359.2024.2364756	2024	SRR26320845	SRA-run	genome sequencing / resequencing	Saccharomyces cerevisiae / Komagataella/Pichia [inferred from organism mentions across the paper, not from the quote]	mitochondrial	The genome sequence data that support the findings of this study are openly available in the NCBI GenBank at https://www.ncbi.nlm.nih.gov/under accession no. OR664026. The associated BioProject, SRA, and Bio-Sample numbers are PRJNA1025866, SRR26320845 and SAMN37723664, respectively.	high
doi:10.1093/dnares/dsab006	10.1093/dnares/dsab006	2021	PRJNA691204	BioProject	not described in the declaring sentence	Candida/Scheffersomyces / Homo sapiens [inferred from organism mentions across the paper, not from the quote]	mitochondrial	Data generated by this project can be found under the BioProject PRJNA691204 in NCBI database and under the phylome ID 777 in PhylomeDB (http://beta.phylomedb.org, 31 May 2021, date last accessed).	high
doi:10.1093/dnares/dsac010	10.1093/dnares/dsac010	2022	ERR247393	ENA-run	genome sequencing / resequencing	Candida/Scheffersomyces / Homo sapiens [inferred from organism mentions across the paper, not from the quote]	mitochondrial	For the analysis of the C. theae clinical isolate, publicly available data were retrieved from the NCBI database. Specifically, we downloaded the Illumina raw sequencing reads and the genome assembly under the accession number PRJNA600777. For k-mer comparisons to assess possible parental relationships, sequencing libraries of C. orthopsilosis (ERR380554) and C. metapsilosis (ERR247393) were also downloaded.,	high
doi:10.1093/dnares/dsac010	10.1093/dnares/dsac010	2022	ERR380554	ENA-run	genome sequencing / resequencing	Candida/Scheffersomyces / Homo sapiens [inferred from organism mentions across the paper, not from the quote]	mitochondrial	For the analysis of the C. theae clinical isolate, publicly available data were retrieved from the NCBI database. Specifically, we downloaded the Illumina raw sequencing reads and the genome assembly under the accession number PRJNA600777. For k-mer comparisons to assess possible parental relationships, sequencing libraries of C. orthopsilosis (ERR380554) and C. metapsilosis (ERR247393) were also downloaded.,	high
doi:10.1093/dnares/dsac010	10.1093/dnares/dsac010	2022	PRJNA600777	BioProject	genome sequencing / resequencing	Candida/Scheffersomyces / Homo sapiens [inferred from organism mentions across the paper, not from the quote]	mitochondrial	For the analysis of the C. theae clinical isolate, publicly available data were retrieved from the NCBI database. Specifically, we downloaded the Illumina raw sequencing reads and the genome assembly under the accession number PRJNA600777. For k-mer comparisons to assess possible parental relationships, sequencing libraries of C. orthopsilosis (ERR380554) and C. metapsilosis (ERR247393) were also downloaded.,	high
doi:10.1093/dnares/dsac010	10.1093/dnares/dsac010	2022	PRJNA726921	BioProject	not described in the declaring sentence	Candida/Scheffersomyces / Homo sapiens [inferred from organism mentions across the paper, not from the quote]	mitochondrial	Sequencing reads, genome assemblies and the respective annotation of C. jiufengensis (CBS10846), C. pseudojiufengensis (CBS10847), C. oxycetoniae (CBS10844), C. margitis (CBS14175) and C. theae (CBS12239) are available at NCBI database under the BioProject accessions PRJNA726921, PRJNA726922, PRJNA726927, PRJNA748886 and PRJNA726928, respectively. The phylomes of these species, and the corresponding orthology and paralogy relationships, are available for browsing or download at PhylomeDB with the IDs: 16 (C. jiufengensis), 404 (C. pseudojiufengensis), 960 (C. oxycetoniae), 423 (C. margitis) and 866 (C. theae).	high
doi:10.1093/dnares/dsac010	10.1093/dnares/dsac010	2022	PRJNA726922	BioProject	not described in the declaring sentence	Candida/Scheffersomyces / Homo sapiens [inferred from organism mentions across the paper, not from the quote]	mitochondrial	Sequencing reads, genome assemblies and the respective annotation of C. jiufengensis (CBS10846), C. pseudojiufengensis (CBS10847), C. oxycetoniae (CBS10844), C. margitis (CBS14175) and C. theae (CBS12239) are available at NCBI database under the BioProject accessions PRJNA726921, PRJNA726922, PRJNA726927, PRJNA748886 and PRJNA726928, respectively. The phylomes of these species, and the corresponding orthology and paralogy relationships, are available for browsing or download at PhylomeDB with the IDs: 16 (C. jiufengensis), 404 (C. pseudojiufengensis), 960 (C. oxycetoniae), 423 (C. margitis) and 866 (C. theae).	high
doi:10.1093/dnares/dsac010	10.1093/dnares/dsac010	2022	PRJNA726927	BioProject	not described in the declaring sentence	Candida/Scheffersomyces / Homo sapiens [inferred from organism mentions across the paper, not from the quote]	mitochondrial	Sequencing reads, genome assemblies and the respective annotation of C. jiufengensis (CBS10846), C. pseudojiufengensis (CBS10847), C. oxycetoniae (CBS10844), C. margitis (CBS14175) and C. theae (CBS12239) are available at NCBI database under the BioProject accessions PRJNA726921, PRJNA726922, PRJNA726927, PRJNA748886 and PRJNA726928, respectively. The phylomes of these species, and the corresponding orthology and paralogy relationships, are available for browsing or download at PhylomeDB with the IDs: 16 (C. jiufengensis), 404 (C. pseudojiufengensis), 960 (C. oxycetoniae), 423 (C. margitis) and 866 (C. theae).	high
doi:10.1093/dnares/dsac010	10.1093/dnares/dsac010	2022	PRJNA726928	BioProject	not described in the declaring sentence	Candida/Scheffersomyces / Homo sapiens [inferred from organism mentions across the paper, not from the quote]	mitochondrial	Sequencing reads, genome assemblies and the respective annotation of C. jiufengensis (CBS10846), C. pseudojiufengensis (CBS10847), C. oxycetoniae (CBS10844), C. margitis (CBS14175) and C. theae (CBS12239) are available at NCBI database under the BioProject accessions PRJNA726921, PRJNA726922, PRJNA726927, PRJNA748886 and PRJNA726928, respectively. The phylomes of these species, and the corresponding orthology and paralogy relationships, are available for browsing or download at PhylomeDB with the IDs: 16 (C. jiufengensis), 404 (C. pseudojiufengensis), 960 (C. oxycetoniae), 423 (C. margitis) and 866 (C. theae).	high
doi:10.1093/dnares/dsac010	10.1093/dnares/dsac010	2022	PRJNA748886	BioProject	not described in the declaring sentence	Candida/Scheffersomyces / Homo sapiens [inferred from organism mentions across the paper, not from the quote]	mitochondrial	Sequencing reads, genome assemblies and the respective annotation of C. jiufengensis (CBS10846), C. pseudojiufengensis (CBS10847), C. oxycetoniae (CBS10844), C. margitis (CBS14175) and C. theae (CBS12239) are available at NCBI database under the BioProject accessions PRJNA726921, PRJNA726922, PRJNA726927, PRJNA748886 and PRJNA726928, respectively. The phylomes of these species, and the corresponding orthology and paralogy relationships, are available for browsing or download at PhylomeDB with the IDs: 16 (C. jiufengensis), 404 (C. pseudojiufengensis), 960 (C. oxycetoniae), 423 (C. margitis) and 866 (C. theae).	high
doi:10.1093/g3journal/jkac282	10.1093/g3journal/jkac282	2022	PRJDB3718	BioProject	not described in the declaring sentence | TABLE CELL: the accession sits in a table; the preceding cell reads: "PRJDB3721"	Homo sapiens / Candida/Scheffersomyces [inferred from organism mentions across the paper, not from the quote]	mitochondrial	PRJDB3718	medium
doi:10.1093/g3journal/jkac282	10.1093/g3journal/jkac282	2022	PRJDB3721	BioProject	not described in the declaring sentence | TABLE CELL: the accession sits in a table; the preceding cell reads: "PRJNA809585"	Homo sapiens / Candida/Scheffersomyces [inferred from organism mentions across the paper, not from the quote]	mitochondrial	PRJDB3721	medium
doi:10.1093/g3journal/jkac282	10.1093/g3journal/jkac282	2022	PRJNA196046	BioProject	not described in the declaring sentence | TABLE CELL: the accession sits in a table; the preceding cell reads: "PRJDB3718"	Homo sapiens / Candida/Scheffersomyces [inferred from organism mentions across the paper, not from the quote]	mitochondrial	PRJNA196046	medium
doi:10.1093/g3journal/jkac282	10.1093/g3journal/jkac282	2022	PRJNA809585	BioProject	not described in the declaring sentence | TABLE CELL: the accession sits in a table; the preceding cell reads: "BioProject accession no."	Homo sapiens / Candida/Scheffersomyces [inferred from organism mentions across the paper, not from the quote]	mitochondrial	PRJNA809585	medium
doi:10.1093/g3journal/jkac282	10.1093/g3journal/jkac282	2022	SRR18177990	SRA-run	genome sequencing / resequencing	Homo sapiens / Candida/Scheffersomyces [inferred from organism mentions across the paper, not from the quote]	mitochondrial	The Dioszegia hungarica PDD-24b-2 Whole Genome Shotgun project was deposited at DDBJ/ENA/GenBank under accession number JAKWFO000000000. The genome version used in this report is JAKWFO010000000. The raw Illumina and PacBio reads were deposited at the Sequence Read Archive under accessions numbers SRR18177991 and SRR18177990, respectively. Details on genome assembly and gene model properties are provided on the MycoCosm genome portal (https://mycocosm.jgi.doe.gov/Diohu1). Strain Dioszegia hungarica PDD-24b-2 is available upon request to Dr Pierre Amato or Dr Françoise Bringel. Representative sequences of putative D. hungarica PDD-24b-2 TE families are in . Putative TEs detected in D. hungari	high
doi:10.1093/g3journal/jkac282	10.1093/g3journal/jkac282	2022	SRR18177991	SRA-run	genome sequencing / resequencing	Homo sapiens / Candida/Scheffersomyces [inferred from organism mentions across the paper, not from the quote]	mitochondrial	The Dioszegia hungarica PDD-24b-2 Whole Genome Shotgun project was deposited at DDBJ/ENA/GenBank under accession number JAKWFO000000000. The genome version used in this report is JAKWFO010000000. The raw Illumina and PacBio reads were deposited at the Sequence Read Archive under accessions numbers SRR18177991 and SRR18177990, respectively. Details on genome assembly and gene model properties are provided on the MycoCosm genome portal (https://mycocosm.jgi.doe.gov/Diohu1). Strain Dioszegia hungarica PDD-24b-2 is available upon request to Dr Pierre Amato or Dr Françoise Bringel. Representative sequences of putative D. hungarica PDD-24b-2 TE families are in . Putative TEs detected in D. hungari	high
doi:10.1093/g3journal/jkad028	10.1093/g3journal/jkad028	2023	PRJNA870673	BioProject	not described in the declaring sentence	Schizosaccharomyces pombe / Homo sapiens [inferred from organism mentions across the paper, not from the quote]	mitochondrial	Sequencing data have been deposited at NCBI SRA (BioProject: PRJNA870673). Genome assemblies have been deposited at GenBank (accession number OP310968 for the mitogenome and accession numbers CP115611, CP115612, CP115613, OQ263023, and OQ263024 for the nuclear genome).	high
doi:10.1093/g3journal/jkad028	10.1093/g3journal/jkad028	2023	SRR21149830	SRA-run	RNA-seq / transcriptome / expression array; genome sequencing / resequencing	Schizosaccharomyces pombe / Homo sapiens [inferred from organism mentions across the paper, not from the quote]	mitochondrial	The total RNA was sent to Annoroad Gene Technology (Beijing, China) for RNA-seq library construction and paired-end Illumina sequencing. A total of 2.34 Gb of raw read data was obtained. Reads were filtered or trimmed using fastp (v0.20.0) with default parameters. Cleaned reads were mapped to the S. osmophilus genome using STAR (v2.6.0a, https://github.com/alexdobin/STAR) with the following parameters: –alignIntronMin 29 –alignIntronMax 819 –outFilterMultimapNmax 1 –outFilterMismatchNmax 0 –alignEndsType EndToEnd (). The Illumina paired-end RNA sequencing data has been deposited at NCBI SRA under the accession number SRR21149830.	high
doi:10.1093/g3journal/jkad028	10.1093/g3journal/jkad028	2023	SRR21149831	SRA-run	not described in the declaring sentence	Schizosaccharomyces pombe / Homo sapiens [inferred from organism mentions across the paper, not from the quote]	mitochondrial	For long-read cDNA sequencing using the Oxford Nanopore Technologies (ONT) platform, the total RNA obtained above was sent to Biomarker Technologies (Qingdao, China) for sequencing library preparation and ONT cDNA sequencing. A total of 2.15 Gb of raw read data was obtained. Reads were processed using pychopper (https://github.com/epi2me-labs/pychopper) and 1.65 Gb of full-length read data was obtained. The Full-Length Alternative Isoform analysis of RNA (FLAIR, v1.5, https://github.com/BrooksLabUCSC/flair) pipeline was used for downstream analysis (). FLAIR is a pipeline designed to perform reads mapping, reads correcting, and isoform clustering for noisy long reads generated by ONT cDNA se	low
doi:10.1093/g3journal/jkad028	10.1093/g3journal/jkad028	2023	SRR21149832	SRA-run	genome sequencing / resequencing	Schizosaccharomyces pombe / Homo sapiens [inferred from organism mentions across the paper, not from the quote]	mitochondrial	For short-read sequencing library construction, genomic DNA was extracted using the MasterPure Yeast DNA Purification Kit (Epicentre). An Illumina sequencing library was prepared using home-made Tn5 transposase as previously described (). Paired-end sequencing was performed on the Illumina NovaSeq 6000 System (2 × 150 bp read pairs) by Novogene Co., Ltd. (Beijing, China), and a total of 4.86 Gb of raw read data was generated. Low-quality reads were filtered or trimmed using fastp (v0.20.0, https://github.com/OpenGene/fastp) and 4.67 Gb of high-quality paired-end read data was retained (). The short-read genomic DNA sequencing data has been deposited at NCBI SRA under the accession number SRR	low
doi:10.1093/g3journal/jkad028	10.1093/g3journal/jkad028	2023	SRR21149833	SRA-run	genome sequencing / resequencing	Schizosaccharomyces pombe / Homo sapiens [inferred from organism mentions across the paper, not from the quote]	mitochondrial	S. osmophilus cells were grown in the modified YES medium at 25°C and cells in the logarithmic phase of vegetative growth were collected and frozen using liquid nitrogen. For long-read sequencing library construction, frozen cells were sent to Frasergen Bioinformatics Co., Ltd. (Wuhan, China) for genomic DNA extraction, sequencing library construction, and long-read sequencing on the Sequel II platform in the circular consensus sequencing (CCS) mode. A total of 430.07 Mb of PacBio HiFi read data was generated using CCS (v4.0, https://github.com/PacificBiosciences/ccs). The HiFi reads have been deposited at NCBI SRA under the accession number SRR21149833.	high
doi:10.1093/gbe/evz165	10.1093/gbe/evz165	2019	PRJEB6284	BioProject	genome sequencing / resequencing	Schizosaccharomyces pombe / Saccharomyces cerevisiae [inferred from organism mentions across the paper, not from the quote]	mitochondrial	The Illumina genome sequencing data of 161 S. pombe strains with names that begin with the initials JB were downloaded from European Nucleotide Archive (ENA) according to the ENA accession numbers given in , and are listed in , online. For 11 sequencing runs that belong to the ENA Study accession number PRJEB6284, we noticed discrepancies between the read numbers reported in ) and the read numbers in the data downloaded from ENA. The authors of the prior study confirmed that strain name mix-ups had occurred during the submission of the sequencing data to the ENA by The Genome Analysis Centre (Jeffares D, personal communication). A list of these 11 sequencing runs with their correct correspon	high
doi:10.1093/gbe/evz165	10.1093/gbe/evz165	2019	PRJNA527756	BioProject	genome sequencing / resequencing	Schizosaccharomyces pombe / Saccharomyces cerevisiae [inferred from organism mentions across the paper, not from the quote]	mitochondrial	To validate the assemblies based on Illumina-generated short reads, we assembled mitogenomes using long read data from two types of third-generation sequencing technology: the RSII platform of Pacific Biosciences (PacBio) and MinIOn by Oxford Nanopore () (data deposited in Bioproject PRJNA527756 of the sequencing read archive at the National Center for Biotechnology Information). PacBio data for 15 strains (JB4, JB22, JB760, JB842, JB853, JB858, JB872, JB873, JB900, JB918, JB934, JB939, JB1197, JB1205, and JB1206) and MinION data for 7 strains (JB22, JB760, JB858, JB873, JB934, JB1197, and JB1205) were used. De novo assembly was performed using Canu 1.5 () with default parameters followed by	high
doi:10.1093/gbe/evz165	10.1093/gbe/evz165	2019	SRR8698890	SRA-run	not described in the declaring sentence	Schizosaccharomyces pombe / Saccharomyces cerevisiae [inferred from organism mentions across the paper, not from the quote]	mitochondrial	To explore intraspecific diversity beyond the previously analyzed strains, we acquired 38 S. pombe strains from four culture collections in China and one culture collection in the United States: 20 strains from CGMCC (China General Microbiological Culture Collection Center), 13 strains from CICC (China Center of Industrial Culture Collection), 1 strain from CICIM (Culture and Information Centre of Industrial Microorganisms of China Universities), 1 strain from CFCC (China Forest Culture Collection Center), and 3 strains from NRRL (United States Department of Agriculture Agricultural Research Service Culture Collection) (, online). Only 3 of these 38 strains have isolation information: CGMCC	low
doi:10.1093/gbe/evz165	10.1093/gbe/evz165	2019	SRR8698927	SRA-run	not described in the declaring sentence	Schizosaccharomyces pombe / Saccharomyces cerevisiae [inferred from organism mentions across the paper, not from the quote]	mitochondrial	To explore intraspecific diversity beyond the previously analyzed strains, we acquired 38 S. pombe strains from four culture collections in China and one culture collection in the United States: 20 strains from CGMCC (China General Microbiological Culture Collection Center), 13 strains from CICC (China Center of Industrial Culture Collection), 1 strain from CICIM (Culture and Information Centre of Industrial Microorganisms of China Universities), 1 strain from CFCC (China Forest Culture Collection Center), and 3 strains from NRRL (United States Department of Agriculture Agricultural Research Service Culture Collection) (, online). Only 3 of these 38 strains have isolation information: CGMCC	low
doi:10.1093/genetics/iyae070	10.1093/genetics/iyae070	2024	PRJNA429185	BioProject	not described in the declaring sentence	Saccharomyces cerevisiae / Homo sapiens [inferred from organism mentions across the paper, not from the quote]	mitochondrial	Raw XR-seq reads were downloaded from NCBI BioProjects (A. thaliana: PRJNA429185, D. melanogaster: PRJNA577587, and S. cerevisiae: PRJNA434118) via the SRA Toolkit fastq-dump command (version 2.8.0; ). Adaptor sequences (reported in original publications: ; ; ) were removed with cutadapt (version 1.18; ) using the discard untrimmed reads option. Reads were aligned to reference genomes (A. thaliana: TAIR10, D. melanogaster: dm6_UCSC, and S. cerevisiae: sacCer3), which included the organellar genomes (A. thaliana mtDNA: NC_037304.1, A. thaliana plastid DNA (ptDNA): NC_000932.1, D. melanogaster mtDNA: NC_024511.2, and S. cerevisiae mtDNA: NC_001224.1) using bowtie2 (version 2.3.5; ) with the –p	medium
doi:10.1093/genetics/iyae070	10.1093/genetics/iyae070	2024	PRJNA434118	BioProject	not described in the declaring sentence	Saccharomyces cerevisiae / Homo sapiens [inferred from organism mentions across the paper, not from the quote]	mitochondrial	Raw XR-seq reads were downloaded from NCBI BioProjects (A. thaliana: PRJNA429185, D. melanogaster: PRJNA577587, and S. cerevisiae: PRJNA434118) via the SRA Toolkit fastq-dump command (version 2.8.0; ). Adaptor sequences (reported in original publications: ; ; ) were removed with cutadapt (version 1.18; ) using the discard untrimmed reads option. Reads were aligned to reference genomes (A. thaliana: TAIR10, D. melanogaster: dm6_UCSC, and S. cerevisiae: sacCer3), which included the organellar genomes (A. thaliana mtDNA: NC_037304.1, A. thaliana plastid DNA (ptDNA): NC_000932.1, D. melanogaster mtDNA: NC_024511.2, and S. cerevisiae mtDNA: NC_001224.1) using bowtie2 (version 2.3.5; ) with the –p	medium
doi:10.1093/genetics/iyae070	10.1093/genetics/iyae070	2024	PRJNA577587	BioProject	not described in the declaring sentence	Saccharomyces cerevisiae / Homo sapiens [inferred from organism mentions across the paper, not from the quote]	mitochondrial	Raw XR-seq reads were downloaded from NCBI BioProjects (A. thaliana: PRJNA429185, D. melanogaster: PRJNA577587, and S. cerevisiae: PRJNA434118) via the SRA Toolkit fastq-dump command (version 2.8.0; ). Adaptor sequences (reported in original publications: ; ; ) were removed with cutadapt (version 1.18; ) using the discard untrimmed reads option. Reads were aligned to reference genomes (A. thaliana: TAIR10, D. melanogaster: dm6_UCSC, and S. cerevisiae: sacCer3), which included the organellar genomes (A. thaliana mtDNA: NC_037304.1, A. thaliana plastid DNA (ptDNA): NC_000932.1, D. melanogaster mtDNA: NC_024511.2, and S. cerevisiae mtDNA: NC_001224.1) using bowtie2 (version 2.3.5; ) with the –p	medium
doi:10.1093/ismeco/ycag129	10.1093/ismeco/ycag129	2026	PRJNA1326177	BioProject	amplicon/metagenome; proteomics; genome sequencing / resequencing	Saccharomyces cerevisiae / Homo sapiens [inferred from organism mentions across the paper, not from the quote]	mitochondrial	All data generated or analyzed during this study are included in this published article and its supplementary information files. The complete genome sequence of R. mucilaginosa F-J1 was deposited in the NCBI (https://www.ncbi.nlm.nih.gov/) under the accession number PRJNA1326177 (BioProject) and SAMN51257182 (BioSample). The mitochondrial genome sequence has been deposited in the GenBank database with accession number PV917115. The mass spectrometry proteomics data are available via ProteomeXchange with identifier PXD069040.	high
doi:10.1093/ismeco/ycag129	10.1093/ismeco/ycag129	2026	PXD069040	PRIDE-proteomics	proteomics	Saccharomyces cerevisiae / Homo sapiens [inferred from organism mentions across the paper, not from the quote]	mitochondrial	F-J1 cells were harvested by centrifugation and disrupted using a French press in PBS buffer with protease inhibitors. Proteins were extracted and precipitated with trichloroacetic acid (TCA), followed by acetone washes. Proteins were separated by sodium dodecyl sulfate–polyacrylamide gel electrophoresis (SDS–PAGE), excised, reduced with dithiothreitol (DTT), alkylated with iodoacetamide, and digested overnight with trypsin at 37°C. Nano liquid chromatography–tandem mass spectrometry (nanoLC–MS/MS) analysis was performed on a Q Exactive Plus mass spectrometer with a 117-min gradient elution. Mass spectrometry (MS) resolution was 70 000 and MS/MS was 17 500, with higher-energy collisional dis	low
doi:10.1093/molbev/msac228	10.1093/molbev/msac228	2022	PRJNA808674	BioProject	RNA-seq / transcriptome / expression array	Saccharomyces cerevisiae / Schizosaccharomyces pombe [inferred from organism mentions across the paper, not from the quote]	mitochondrial	RNA-sequencing data have been deposited and are available in the NCBI (PRJNA808674). All other data are available in the paper and/or the Supplementary files.	high
doi:10.1093/molbev/msad061	10.1093/molbev/msad061	2023	PRJNA878596	BioProject	not described in the declaring sentence	Saccharomyces cerevisiae / Mus musculus [inferred from organism mentions across the paper, not from the quote]	mitochondrial	This work was supported by the Natural Science and Engineering Research Council of Canada (discovery grant to C.R.L., RGPIN-2020-04844), the Fonds de recherche du Québec—Nature et Technologies (Team grant 2019-PR-254415 to C.R.L. and S.Br.), and the Canada Research Chair in Cellular Systems and Synthetic Biology to C.R.L. D.B.-P. was supported by an award from the Fonds de recherche du Québec—Santé (FRQS). During part of the writing/reviewing, S.Be. was supported by the European Union’s Horizon 2020 research and innovation program under the Marie Skłodowska-Curie grant agreement No 101030803. Raw sequencing data are available on the NCBI sequence read archive under BioProject accession numbe	low
doi:10.1093/molbev/msx139	10.1093/molbev/msx139	2017	PRJNA277692	BioProject	genome sequencing / resequencing	Saccharomyces cerevisiae / Mus musculus [inferred from organism mentions across the paper, not from the quote]	mitochondrial	We reconstructed mitochondrial genomes for a representative subsample of 22 S. paradoxus strains from North-east America ( 1). On the basis of nuclear genome analysis (), strains were assigned to the European lineage SpA recently introduced in North America (n = 3), to the native American lineages SpB (n = 10) and SpC (n = 6) and to the American hybrid lineage SpC* (n = 3). We retrieved mitochondrial scaffolds previously assembled and identified in these strains (). Briefly, reads from high coverage genome sequencing (∼100×; Truseq Illumina; BioProject number PRJNA277692, BioSamples SAMN03389655–SAMN03389678) were assembled using ABySS () with k = 64 (k-mer length). Mitochondrial fragments w	medium
doi:10.1093/nar/gkad1204	10.1093/nar/gkad1204	2024	GSE64521	GEO-series	ribosome profiling; RNA-seq / transcriptome / expression array	Homo sapiens / Saccharomyces cerevisiae [inferred from organism mentions across the paper, not from the quote]	mitochondrial	The DNA-seq and ribose-seq datasets for all hmtDNA libraries are available in NCBI’s BioProject via accession number ‘PRJNA941970’. The ribose-seq dataset for budding yeast S. cerevisiae is available in NCBI’s BioProject via accession number ‘PRJNA613920’. The emRiboSeq datasets analyzed are available in NCBI’s Gene Expression Omnibus via accession number ‘GSE64521’. Codes generated and used for analysis are available under the MIT License on Zenodo (https://doi.org/10.5281/zenodo.10211459). The scripts used to remove rNMPs at restriction enzyme locations are available under the GNU GPL V3.0 license on Zenodo (https://doi.org/10.5281/zenodo.8121711). The scripts used for rNMP mismatch remova	high
doi:10.1093/nar/gkad1204	10.1093/nar/gkad1204	2024	PRJNA613920	BioProject	ribosome profiling; RNA-seq / transcriptome / expression array	Homo sapiens / Saccharomyces cerevisiae [inferred from organism mentions across the paper, not from the quote]	mitochondrial	The DNA-seq and ribose-seq datasets for all hmtDNA libraries are available in NCBI’s BioProject via accession number ‘PRJNA941970’. The ribose-seq dataset for budding yeast S. cerevisiae is available in NCBI’s BioProject via accession number ‘PRJNA613920’. The emRiboSeq datasets analyzed are available in NCBI’s Gene Expression Omnibus via accession number ‘GSE64521’. Codes generated and used for analysis are available under the MIT License on Zenodo (https://doi.org/10.5281/zenodo.10211459). The scripts used to remove rNMPs at restriction enzyme locations are available under the GNU GPL V3.0 license on Zenodo (https://doi.org/10.5281/zenodo.8121711). The scripts used for rNMP mismatch remova	high
doi:10.1093/nar/gkad1204	10.1093/nar/gkad1204	2024	PRJNA941970	BioProject	ribosome profiling; RNA-seq / transcriptome / expression array	Homo sapiens / Saccharomyces cerevisiae [inferred from organism mentions across the paper, not from the quote]	mitochondrial	The DNA-seq and ribose-seq datasets for all hmtDNA libraries are available in NCBI’s BioProject via accession number ‘PRJNA941970’. The ribose-seq dataset for budding yeast S. cerevisiae is available in NCBI’s BioProject via accession number ‘PRJNA613920’. The emRiboSeq datasets analyzed are available in NCBI’s Gene Expression Omnibus via accession number ‘GSE64521’. Codes generated and used for analysis are available under the MIT License on Zenodo (https://doi.org/10.5281/zenodo.10211459). The scripts used to remove rNMPs at restriction enzyme locations are available under the GNU GPL V3.0 license on Zenodo (https://doi.org/10.5281/zenodo.8121711). The scripts used for rNMP mismatch remova	high
doi:10.1093/nar/gkaf634	10.1093/nar/gkaf634	2025	GSE282943	GEO-series	proteomics	Saccharomyces cerevisiae / Homo sapiens [inferred from organism mentions across the paper, not from the quote]	mitochondrial	Raw and processed sequencing 645 data generated in this study were deposited in the GEO database under the accession number 646 GSE283176. Total mitoribosome footprints (Mrps17) for S288C strains are available under 647 accession number GSE282943. Original data from western blotting and autoradiography analyses are deposited at Mendeley (doi: 10.17632/9kkbp885cs.1). Spreadsheets containing original data and analyses for mass spectrometry are included as –. The used scripts are available on Github (https://github.com/churchmanlab/Yeast_selective_mitoRP) and Zenodo (https://doi.org/10.5281/zenodo.15679476).	high
doi:10.1093/nar/gkaf634	10.1093/nar/gkaf634	2025	GSE283176	GEO-series	proteomics	Saccharomyces cerevisiae / Homo sapiens [inferred from organism mentions across the paper, not from the quote]	mitochondrial	Raw and processed sequencing 645 data generated in this study were deposited in the GEO database under the accession number 646 GSE283176. Total mitoribosome footprints (Mrps17) for S288C strains are available under 647 accession number GSE282943. Original data from western blotting and autoradiography analyses are deposited at Mendeley (doi: 10.17632/9kkbp885cs.1). Spreadsheets containing original data and analyses for mass spectrometry are included as –. The used scripts are available on Github (https://github.com/churchmanlab/Yeast_selective_mitoRP) and Zenodo (https://doi.org/10.5281/zenodo.15679476).	high
doi:10.1093/nargab/lqab085	10.1093/nargab/lqab085	2021	PRJNA641784	BioProject	not described in the declaring sentence	Yarrowia lipolytica / Saccharomyces cerevisiae [inferred from organism mentions across the paper, not from the quote]	mitochondrial	For the generation of high molecular weight DNA and ultra-long nanopore sequencing reads, we at first generated spheroplasts based on the EasySelect™ Pichia Expression kit (Invitrogen) manual. Therefore, an overnight culture (see above) was used to inoculate 10 ml YPD medium with an initial OD600 of 0.1. The cells were then grown to an OD600 of 5–10 under the same conditions as described above. Afterwards, the cells were centrifuged at 1500 × g and room temperature for 5 min followed by two washing steps with 10 ml sterile water. The cells were then resuspended in 2 ml freshly prepared SCED (1 M sorbitol, 1 mM EDTA, 10 mM sodium citrate, pH 5.8, 10 mM DTT) and transferred to a tube. After th	low
doi:10.1101/gr.276885.122	10.1101/gr.276885.122	2022	PRJNA515073	BioProject	genome sequencing / resequencing	Saccharomyces cerevisiae / Homo sapiens [inferred from organism mentions across the paper, not from the quote]	mitochondrial	Short-read libraries corresponding to the 13 parental haploid strains and 447 hybrid yeast MA lines, sampled at both the initial (about 60 mitotic generations after zygote formation) and final (after about 770 mitotic generations) time points, were downloaded from the NCBI BioProject database (https://www.ncbi.nlm.nih.gov/bioproject/) under accession number PRJNA515073. Short reads were trimmed using Trimmomatic v0.36 () with parameters ILLUMINACLIP:{custom adapters file}:2:30:10 TRAILING:3 SLIDINGWINDOW:4:15 MINLEN:36 (). We built a concatenated reference genome comprising nuclear contigs of S. paradoxus SpB strain MSH-604 () and S. cerevisiae strain YPS128 (), to which we appended the arti	high
doi:10.1101/gr.276885.122	10.1101/gr.276885.122	2022	PRJNA828354	BioProject	not described in the declaring sentence	Saccharomyces cerevisiae / Homo sapiens [inferred from organism mentions across the paper, not from the quote]	mitochondrial	The long-read data generated in this study have been submitted to the NCBI BioProject database (https://www.ncbi.nlm.nih.gov/bioproject/) under accession number PRJNA828354. The mtDNA assemblies generated in this study have been submitted to GitHub (https://github.com/Landrylab/mito_ma). Scripts and annotation data generated in this study are available as Supplemental Code and at GitHub (https://github.com/Landrylab/mito_ma).	high
doi:10.1111/1751-7915.70092	10.1111/1751-7915.70092	2025	PRJNA104835	BioProject	not described in the declaring sentence	Saccharomyces cerevisiae / Candida/Scheffersomyces [inferred from organism mentions across the paper, not from the quote]	mitochondrial	DNAs from the different yeast strains were extracted by using the Qiagen DNeasy kit following the manufacturer's instructions (QIAGEN GmbH, Hilden, Germany). DNA libraries for paired‐end 150‐base pair (PE150) sequencing were prepared and processed using the DNBseq instrument at BGI Genomics facilities (Shenzhen, China) and have been deposited at NCBI under BioProject ID PRJNA104835. Preprocessing was done on the raw sequencing data to get rid of contaminants, low‐quality reads, and adapters. This was achieved by using SOAPnuke (Chen et al. ) with the following parameters: ‐n 0.01 (for removing reads with more than 1% N bases), ‐l 20 (for discarding reads shorter than 20 bases), ‐q 0.4 (for f	high
doi:10.1111/1751-7915.70092	10.1111/1751-7915.70092	2025	PRJNA1048351	BioProject	not described in the declaring sentence	Saccharomyces cerevisiae / Candida/Scheffersomyces [inferred from organism mentions across the paper, not from the quote]	mitochondrial	Sequencing data for the parental baker's yeast strain and their corresponding evolved clones analysed in this study have been deposited in the NCBI database under the accession number of PRJNA1048351. Other data can be provided upon request. Access: https://dataview.ncbi.nlm.nih.gov/object/PRJNA1048351?reviewer=f6nro0okqhp6u69n77abjcpshb.	high
doi:10.1111/1751-7915.70092	10.1111/1751-7915.70092	2025	PRJNA574942	BioProject	not described in the declaring sentence	Saccharomyces cerevisiae / Candida/Scheffersomyces [inferred from organism mentions across the paper, not from the quote]	mitochondrial	DNAs from the different yeast strains were extracted by using the Qiagen DNeasy kit following the manufacturer's instructions (QIAGEN GmbH, Hilden, Germany). DNA libraries for paired‐end 150‐base pair (PE150) sequencing were prepared and processed using the DNBseq instrument at BGI Genomics facilities (Shenzhen, China) and have been deposited at NCBI under BioProject ID PRJNA104835. Preprocessing was done on the raw sequencing data to get rid of contaminants, low‐quality reads, and adapters. This was achieved by using SOAPnuke (Chen et al. ) with the following parameters: ‐n 0.01 (for removing reads with more than 1% N bases), ‐l 20 (for discarding reads shorter than 20 bases), ‐q 0.4 (for f	low
doi:10.1111/jipb.13802	10.1111/jipb.13802	2025	PRJNA1166841	BioProject	RNA-seq / transcriptome / expression array	Saccharomyces cerevisiae / Mus musculus [inferred from organism mentions across the paper, not from the quote]	mitochondrial	All raw sequences and processed data for lncRNA sequencing of flower buds in 2074A and 2074B have been deposited in the National Center for Biotechnology Information Sequence Read Archive (SRA) under BioProject ID: PRJNA1167799. Raw data for transcriptome sequencing of flower buds in GhCYP7248 mutants, lncRNA67 mutants and WT (Jin668) have been deposited in SRA under BioProject ID: PRJNA1166841.	high
doi:10.1111/jipb.13802	10.1111/jipb.13802	2025	PRJNA1167799	BioProject	RNA-seq / transcriptome / expression array	Saccharomyces cerevisiae / Mus musculus [inferred from organism mentions across the paper, not from the quote]	mitochondrial	All raw sequences and processed data for lncRNA sequencing of flower buds in 2074A and 2074B have been deposited in the National Center for Biotechnology Information Sequence Read Archive (SRA) under BioProject ID: PRJNA1167799. Raw data for transcriptome sequencing of flower buds in GhCYP7248 mutants, lncRNA67 mutants and WT (Jin668) have been deposited in SRA under BioProject ID: PRJNA1166841.	high
doi:10.1111/pbi.70182	10.1111/pbi.70182	2025	PXD022269	PRIDE-proteomics	proteomics	Synechocystis/Synechococcus (cyanobacteria) / Homo sapiens [inferred from organism mentions across the paper, not from the quote]	mitochondrial	Dehydration‐induced temporal changes in the mitochondrial proteome were examined by iTRAQ labelling, followed by LC–MS/MS analysis (Figure ). The peptides subjected to LC–MS/MS analysis were identified at 1% global FDR. The proteomic analysis led to the identification of 589 proteins. Among the identified proteins, those having unused score ≥1.3 with at least two peptides were considered for relative protein expression. A total of 128 proteins were recognised by three replicates (Table ). Furthermore, we considered only those proteins whose variance across the replicates varied <50%. A threshold of 1.5‐fold was set to define changes in protein abundance, which led to the identification of 10	low
doi:10.1126/sciadv.aav1848	10.1126/sciadv.aav1848	2019	SRP155764	SRA-study	genome sequencing / resequencing	Saccharomyces cerevisiae / Mus musculus [inferred from organism mentions across the paper, not from the quote]	mitochondrial	Paired-end libraries were prepared with the Nextera DNA Library Preparation Kit (Illumina) with a modified protocol. Briefly, 3 to 5 ng of DNA were used for each sample, and the tagmentation reaction was performed at a ratio of 0.25 μl of tagmentation enzyme per nanogram of DNA. The tagmented DNA was amplified by KAPA HiFi DNA polymerase for 13 cycles (72°C for 3 min; 98°C for 5 min, 98°C for 10 s, 63°C for 30 s, 72°C for 30 s for 13 cycles; 72°C for 5 min). The PCR was then purified with AMPure beads. Paired-end 2 × 150 Illumina sequencing was performed on a MiniSeq instrument by the DNA Sequencing Innovation Lab in the Center for Genome Sciences and System Biology at Washington University.	low
doi:10.1128/aem.01015-25	10.1128/aem.01015-25	2025	PRJNA1251021	BioProject	genome sequencing / resequencing	Saccharomyces cerevisiae / Homo sapiens [inferred from organism mentions across the paper, not from the quote]	mitochondrial	The S. cerevisiae ZIM 3704 genome sequence is available at DDBJ/ENA/GenBank under accession no. JBNCZA000000000. The assembly file was deposited in NCBI under BioProject no. PRJNA1251021. The raw sequence reads were deposited in the NCBI SRA under BioProject no. PRJNA1251027.	high
doi:10.1128/aem.01015-25	10.1128/aem.01015-25	2025	PRJNA1251027	BioProject	genome sequencing / resequencing	Saccharomyces cerevisiae / Homo sapiens [inferred from organism mentions across the paper, not from the quote]	mitochondrial	The S. cerevisiae ZIM 3704 genome sequence is available at DDBJ/ENA/GenBank under accession no. JBNCZA000000000. The assembly file was deposited in NCBI under BioProject no. PRJNA1251021. The raw sequence reads were deposited in the NCBI SRA under BioProject no. PRJNA1251027.	high
doi:10.1128/aem.01015-25	10.1128/aem.01015-25	2025	PRJNA323691	BioProject	not described in the declaring sentence	Saccharomyces cerevisiae / Homo sapiens [inferred from organism mentions across the paper, not from the quote]	mitochondrial	Next, we inferred the origin of Saccharomyces species and their hybrids isolated from cider together with 144 S. cerevisiae strains sequenced by Gallone et al. () and available in GenBank (BioProject PRJNA323691) and 55 S. uvarum strains sequenced by Almeida et al. () and Gallone et al. (). The reads of each strain were mapped either to S. cerevisiae S288c (R64-2-1) or S. uvarum CBS 7001 () reference genomes with Burrows-Wheeler Aligner, BWA v. 0.7.17-r1188 (), using default parameters. Conversion of SAM to BAM format, sorting, indexing, and quality filtering (mapping quality [MQ] <40) were performed using the tools available in the SAMtools package v1.10 (). Duplicated reads were marked wit	high
doi:10.1128/aem.01015-25	10.1128/aem.01015-25	2025	PRJNA818497	BioProject	genome sequencing / resequencing	Saccharomyces cerevisiae / Homo sapiens [inferred from organism mentions across the paper, not from the quote]	mitochondrial	The hybrid detection and analysis pipeline spIDer () was used to distinguish between pure species, hybrids, and introgressed strains based on genome sequences. For whole-genome sequencing, the TrueSeq DNA PCR Free (350) library was constructed and run on an Illumina NovaSeq instrument at the Macrogen Europe sequencing facility. The resulting short-read data are available in the National Center for Biotechnology Information (NCBI) Sequence Read Archive (SRA) database under accession number PRJNA818497. Paired-end reads were first trimmed using Trimmomatic v.038 () and then aligned using the SpIDer pipeline to concatenated reference genomes of Saccharomyces species commonly associated with fer	high
doi:10.1128/mbio.00520-16	10.1128/mbio.00520-16	2016	PRJNA313402	BioProject	not described in the declaring sentence	Saccharomyces cerevisiae / Homo sapiens [inferred from organism mentions across the paper, not from the quote]	mitochondrial	Raw sequencing data of strains IMX745, IMS0482, and IMS0483 are deposited at the NCBI Sequence Read Archive (http://www.ncbi.nlm.nih.gov/sra) under BioProject identifier (ID) or accession number PRJNA313402.	high
doi:10.1186/1471-2164-8-323	10.1186/1471-2164-8-323	2007	GSE5941	GEO-series	RNA-seq / transcriptome / expression array	Schizosaccharomyces pombe / Saccharomyces cerevisiae [inferred from organism mentions across the paper, not from the quote]	mitochondrial	The completed microarray datasets are submitted to GEO databases (accession number GSE5941).	high
doi:10.1186/s12864-015-2078-z	10.1186/s12864-015-2078-z	2015	SRP056472	SRA-study	not described in the declaring sentence	Candida/Scheffersomyces / Saccharomyces cerevisiae [inferred from organism mentions across the paper, not from the quote]	mitochondrial	The datasets supporting the results of this article are available in the [Sequence Read Archive], [SRP056472 http://www.ncbi.nlm.nih.gov/Traces/study/?acc=SRP056472]	high
doi:10.1186/s12864-023-09718-2	10.1186/s12864-023-09718-2	2023	DRA016334	DDBJ-DRA	genome sequencing / resequencing	Saccharomyces cerevisiae / Homo sapiens [inferred from organism mentions across the paper, not from the quote]	mitochondrial	The sequencing reads, assembly genomes, and annotations have been deposited in the DDBJ database under BioProject accession PRJDB15446 (https://ddbj.nig.ac.jp/resource/bioproject/PRJDB15446). Sequence reads were submitted with accession numbers DRA016334 to DRA016337 (can be found at https://ddbj.nig.ac.jp/search). Assembly genome sequences are available from both DDBJ and NCBI GenBank under accession numbers AP028204 to AP028247 (https://www.ncbi.nlm.nih.gov/nuccore/?term=AP028204%3AAP028247+%5Baccession%5D) and BTCM01000001 to BTCM01000012 (https://www.ncbi.nlm.nih.gov/nuccore/BTCM00000000.1). Details are listed in the Table . The script to draw chromosome synteny was published on GitHub (	high
doi:10.1186/s12864-023-09718-2	10.1186/s12864-023-09718-2	2023	DRA016337	DDBJ-DRA	genome sequencing / resequencing	Saccharomyces cerevisiae / Homo sapiens [inferred from organism mentions across the paper, not from the quote]	mitochondrial	The sequencing reads, assembly genomes, and annotations have been deposited in the DDBJ database under BioProject accession PRJDB15446 (https://ddbj.nig.ac.jp/resource/bioproject/PRJDB15446). Sequence reads were submitted with accession numbers DRA016334 to DRA016337 (can be found at https://ddbj.nig.ac.jp/search). Assembly genome sequences are available from both DDBJ and NCBI GenBank under accession numbers AP028204 to AP028247 (https://www.ncbi.nlm.nih.gov/nuccore/?term=AP028204%3AAP028247+%5Baccession%5D) and BTCM01000001 to BTCM01000012 (https://www.ncbi.nlm.nih.gov/nuccore/BTCM00000000.1). Details are listed in the Table . The script to draw chromosome synteny was published on GitHub (	high
doi:10.1186/s12864-023-09718-2	10.1186/s12864-023-09718-2	2023	PRJDB15446	BioProject	genome sequencing / resequencing	Saccharomyces cerevisiae / Homo sapiens [inferred from organism mentions across the paper, not from the quote]	mitochondrial	The sequencing reads, assembly genomes, and annotations have been deposited in the DDBJ database under BioProject accession PRJDB15446 (https://ddbj.nig.ac.jp/resource/bioproject/PRJDB15446). Sequence reads were submitted with accession numbers DRA016334 to DRA016337 (can be found at https://ddbj.nig.ac.jp/search). Assembly genome sequences are available from both DDBJ and NCBI GenBank under accession numbers AP028204 to AP028247 (https://www.ncbi.nlm.nih.gov/nuccore/?term=AP028204%3AAP028247+%5Baccession%5D) and BTCM01000001 to BTCM01000012 (https://www.ncbi.nlm.nih.gov/nuccore/BTCM00000000.1). Details are listed in the Table . The script to draw chromosome synteny was published on GitHub (	high
doi:10.1186/s12864-025-11210-y	10.1186/s12864-025-11210-y	2025	PRJNA1201559	BioProject	not described in the declaring sentence	Saccharomyces cerevisiae [inferred from organism mentions across the paper, not from the quote]	mitochondrial	The raw sequencing data used in this study have been deposited in the NCBI Sequence Read Archive (SRA) under BioProject accession PRJNA1201559. The assembly of the organelle genomes of Saccharum officinarum (accession numbers: CNA0146012 and CNA0146013) and Saccharum spontaneum (accession numbers: CNA0146014 and CNA0146015) has been deposited in the China National GeneBank DataBase (https://db.cngb.org/). These data are also accessible via the Saccharum Genome Database (https://sugarcane.gxu.edu.cn/scdb/) for additional convenience.	high
doi:10.1186/s12870-021-02852-7	10.1186/s12870-021-02852-7	2021	PRJNA673655	BioProject	amplicon/metagenome; RNA-seq / transcriptome / expression array	Escherichia coli [inferred from organism mentions across the paper, not from the quote]	mitochondrial	The original transcriptome sequencing data related to this article is stored in the NCBI SRA database with the Submission ID SUB8446872 (https://submit.ncbi.nlm.nih.gov/subs/bioproject/) and the BioProject ID PRJNA673655(https://www.ncbi.nlm.nih.gov/sra/PRJNA673655), Reviewer link: https://dataview.ncbi.nlm.nih.gov/object/PRJNA673655?reviewer=5lfjtb644f2dg76db7tat7pvvh . Other data from the results of this article are also included in this article and its attached files.	medium
doi:10.1186/s12915-022-01247-w	10.1186/s12915-022-01247-w	2022	PRJNA672820	BioProject	not described in the declaring sentence	Saccharomyces cerevisiae / Homo sapiens [inferred from organism mentions across the paper, not from the quote]	mitochondrial	All data needed to evaluate the conclusions in the paper are present in the paper and/or the supplementary information files. The raw sequencing data and final assemblies are available at NCBI (https://www.ncbi.nlm.nih.gov/) as BioProject PRJNA672820 [].	high
doi:10.1186/s12915-025-02409-2	10.1186/s12915-025-02409-2	2025	MSV000098838	MassIVE-proteomics	amplicon/metagenome; proteomics; metabolomics; genome sequencing / resequencing	Saccharomyces cerevisiae / Schizosaccharomyces pombe [inferred from organism mentions across the paper, not from the quote]	mitochondrial	All data generated or analyzed during this study are included in this published article, its supplementary information files and publicly available repositories. Whole genome resequencing data are available from the SRA repository under BioProject ID PRJNA1303695 (https:/www.ncbi.nlm.nih.gov/bioproject/PRJNA1303695) []. Proteomics and metabolomics LC/MS raw data are available at the MassIVE repository under accessions MSV000098838 (https://massive.ucsd.edu/ProteoSAFe/dataset.jsp?task = b317a62249264138bcb1dac8d139f102) [] and MSV000098860 (https://massive.ucsd.edu/ProteoSAFe/dataset.jsp?accession = MSV000098860) [] respectively. Raw data and analysis for proteasome activity assays, Nitrogen	high
doi:10.1186/s12915-025-02409-2	10.1186/s12915-025-02409-2	2025	MSV000098860	MassIVE-proteomics	amplicon/metagenome; proteomics; metabolomics; genome sequencing / resequencing	Saccharomyces cerevisiae / Schizosaccharomyces pombe [inferred from organism mentions across the paper, not from the quote]	mitochondrial	All data generated or analyzed during this study are included in this published article, its supplementary information files and publicly available repositories. Whole genome resequencing data are available from the SRA repository under BioProject ID PRJNA1303695 (https:/www.ncbi.nlm.nih.gov/bioproject/PRJNA1303695) []. Proteomics and metabolomics LC/MS raw data are available at the MassIVE repository under accessions MSV000098838 (https://massive.ucsd.edu/ProteoSAFe/dataset.jsp?task = b317a62249264138bcb1dac8d139f102) [] and MSV000098860 (https://massive.ucsd.edu/ProteoSAFe/dataset.jsp?accession = MSV000098860) [] respectively. Raw data and analysis for proteasome activity assays, Nitrogen	high
doi:10.1186/s12915-025-02409-2	10.1186/s12915-025-02409-2	2025	PRJNA1303695	BioProject	amplicon/metagenome; proteomics; metabolomics; genome sequencing / resequencing	Saccharomyces cerevisiae / Schizosaccharomyces pombe [inferred from organism mentions across the paper, not from the quote]	mitochondrial	All data generated or analyzed during this study are included in this published article, its supplementary information files and publicly available repositories. Whole genome resequencing data are available from the SRA repository under BioProject ID PRJNA1303695 (https:/www.ncbi.nlm.nih.gov/bioproject/PRJNA1303695) []. Proteomics and metabolomics LC/MS raw data are available at the MassIVE repository under accessions MSV000098838 (https://massive.ucsd.edu/ProteoSAFe/dataset.jsp?task = b317a62249264138bcb1dac8d139f102) [] and MSV000098860 (https://massive.ucsd.edu/ProteoSAFe/dataset.jsp?accession = MSV000098860) [] respectively. Raw data and analysis for proteasome activity assays, Nitrogen	high
doi:10.1186/s12915-025-02409-2	10.1186/s12915-025-02409-2	2025	PRJNA130369526	BioProject	not described in the declaring sentence	Saccharomyces cerevisiae / Schizosaccharomyces pombe [inferred from organism mentions across the paper, not from the quote]	mitochondrial	Amberg KL, Hao L, Cranz-Mileva S, Zaratiegui M. Identification of the petite-positive mutation ptp1–1. 2025. NCBI Short Read Archive. PRJNA1303695. http://identifiers.org/bioproject:PRJNA130369526.	high
doi:10.1261/rna.080254.124	10.1261/rna.080254.124	2025	PRJNA1034599	BioProject	not described in the declaring sentence	Saccharomyces cerevisiae / Candida/Scheffersomyces [inferred from organism mentions across the paper, not from the quote]	mitochondrial	The 3′ RACE sequencing data have been deposited in the SRA database (BioProject accession number is PRJNA1034599). Accession numbers for each individual sample are as follows: SAMN38060996 (C. lusitaniae 15S rRNA), SAMN44700821 (C. lusitaniae ATP9), SAMN44700822 (C. lusitaniae COX1), SAMN44700823 (C. jadinii ATP9), SAMN44700824 (C. jadinii COX1), SAMN38060997 (C. sojae 15S rRNA), SAMN38060998 (C. sojae NAD4 mRNA), SAMN38060999 (C. sojae NAD5 mRNA), SAMN44700828 (M. orientalis 15S rRNA), SAMN44700829 (M. orientalis ATP9), SAMN44700830 (M. orientalis COX1), SAMN38061000 (S. cerevisiae WT 15S rRNA), SAMN38061001 (S. cerevisiae WTS 15S rRNA, SAMN38061002 (S. cerevisiae rmd9Δ 15S rRNA), SAMN44700	high
doi:10.1371/journal.pcbi.1012016	10.1371/journal.pcbi.1012016	2024	GSE162197	GEO-series	RNA-seq / transcriptome / expression array	Saccharomyces cerevisiae / Homo sapiens [inferred from organism mentions across the paper, not from the quote]	mitochondrial	We validate CoVar using gene expression data from a study on mitochondrial genome depletion in yeast (GEO accession: https://www.ncbi.nlm.nih.gov/geo/query/acc.cgi?acc=GSE162197) []. We consider control and perturbed datasets of a wild-type and a mutant strain in which the mitochondrial genome has been depleted. The RPKM normalized values provided by this study are directly input to CoVar, without any other preprocessing measures. The control samples are EV1 mRNA-Seq WT replicates 1–3) GSM4946300, GSM494630, GSM4946302), while the perturbed samples are EV1 mRNA-Seq r0 replicates 1–3 (GSM4946315, GSM4946316, GSM4946317). shows that the coefficient of variation (CV), measured the ratio between	high
doi:10.1371/journal.pcbi.1012016	10.1371/journal.pcbi.1012016	2024	GSM494630	GEO-sample	RNA-seq / transcriptome / expression array	Saccharomyces cerevisiae / Homo sapiens [inferred from organism mentions across the paper, not from the quote]	mitochondrial	We validate CoVar using gene expression data from a study on mitochondrial genome depletion in yeast (GEO accession: https://www.ncbi.nlm.nih.gov/geo/query/acc.cgi?acc=GSE162197) []. We consider control and perturbed datasets of a wild-type and a mutant strain in which the mitochondrial genome has been depleted. The RPKM normalized values provided by this study are directly input to CoVar, without any other preprocessing measures. The control samples are EV1 mRNA-Seq WT replicates 1–3) GSM4946300, GSM494630, GSM4946302), while the perturbed samples are EV1 mRNA-Seq r0 replicates 1–3 (GSM4946315, GSM4946316, GSM4946317). shows that the coefficient of variation (CV), measured the ratio between	high
doi:10.1371/journal.pcbi.1012016	10.1371/journal.pcbi.1012016	2024	GSM4946300	GEO-sample	RNA-seq / transcriptome / expression array	Saccharomyces cerevisiae / Homo sapiens [inferred from organism mentions across the paper, not from the quote]	mitochondrial	We validate CoVar using gene expression data from a study on mitochondrial genome depletion in yeast (GEO accession: https://www.ncbi.nlm.nih.gov/geo/query/acc.cgi?acc=GSE162197) []. We consider control and perturbed datasets of a wild-type and a mutant strain in which the mitochondrial genome has been depleted. The RPKM normalized values provided by this study are directly input to CoVar, without any other preprocessing measures. The control samples are EV1 mRNA-Seq WT replicates 1–3) GSM4946300, GSM494630, GSM4946302), while the perturbed samples are EV1 mRNA-Seq r0 replicates 1–3 (GSM4946315, GSM4946316, GSM4946317). shows that the coefficient of variation (CV), measured the ratio between	high
doi:10.1371/journal.pcbi.1012016	10.1371/journal.pcbi.1012016	2024	GSM4946302	GEO-sample	RNA-seq / transcriptome / expression array	Saccharomyces cerevisiae / Homo sapiens [inferred from organism mentions across the paper, not from the quote]	mitochondrial	We validate CoVar using gene expression data from a study on mitochondrial genome depletion in yeast (GEO accession: https://www.ncbi.nlm.nih.gov/geo/query/acc.cgi?acc=GSE162197) []. We consider control and perturbed datasets of a wild-type and a mutant strain in which the mitochondrial genome has been depleted. The RPKM normalized values provided by this study are directly input to CoVar, without any other preprocessing measures. The control samples are EV1 mRNA-Seq WT replicates 1–3) GSM4946300, GSM494630, GSM4946302), while the perturbed samples are EV1 mRNA-Seq r0 replicates 1–3 (GSM4946315, GSM4946316, GSM4946317). shows that the coefficient of variation (CV), measured the ratio between	high
doi:10.1371/journal.pcbi.1012016	10.1371/journal.pcbi.1012016	2024	GSM4946315	GEO-sample	RNA-seq / transcriptome / expression array	Saccharomyces cerevisiae / Homo sapiens [inferred from organism mentions across the paper, not from the quote]	mitochondrial	We validate CoVar using gene expression data from a study on mitochondrial genome depletion in yeast (GEO accession: https://www.ncbi.nlm.nih.gov/geo/query/acc.cgi?acc=GSE162197) []. We consider control and perturbed datasets of a wild-type and a mutant strain in which the mitochondrial genome has been depleted. The RPKM normalized values provided by this study are directly input to CoVar, without any other preprocessing measures. The control samples are EV1 mRNA-Seq WT replicates 1–3) GSM4946300, GSM494630, GSM4946302), while the perturbed samples are EV1 mRNA-Seq r0 replicates 1–3 (GSM4946315, GSM4946316, GSM4946317). shows that the coefficient of variation (CV), measured the ratio between	high
doi:10.1371/journal.pcbi.1012016	10.1371/journal.pcbi.1012016	2024	GSM4946316	GEO-sample	RNA-seq / transcriptome / expression array	Saccharomyces cerevisiae / Homo sapiens [inferred from organism mentions across the paper, not from the quote]	mitochondrial	We validate CoVar using gene expression data from a study on mitochondrial genome depletion in yeast (GEO accession: https://www.ncbi.nlm.nih.gov/geo/query/acc.cgi?acc=GSE162197) []. We consider control and perturbed datasets of a wild-type and a mutant strain in which the mitochondrial genome has been depleted. The RPKM normalized values provided by this study are directly input to CoVar, without any other preprocessing measures. The control samples are EV1 mRNA-Seq WT replicates 1–3) GSM4946300, GSM494630, GSM4946302), while the perturbed samples are EV1 mRNA-Seq r0 replicates 1–3 (GSM4946315, GSM4946316, GSM4946317). shows that the coefficient of variation (CV), measured the ratio between	high
doi:10.1371/journal.pcbi.1012016	10.1371/journal.pcbi.1012016	2024	GSM4946317	GEO-sample	RNA-seq / transcriptome / expression array	Saccharomyces cerevisiae / Homo sapiens [inferred from organism mentions across the paper, not from the quote]	mitochondrial	We validate CoVar using gene expression data from a study on mitochondrial genome depletion in yeast (GEO accession: https://www.ncbi.nlm.nih.gov/geo/query/acc.cgi?acc=GSE162197) []. We consider control and perturbed datasets of a wild-type and a mutant strain in which the mitochondrial genome has been depleted. The RPKM normalized values provided by this study are directly input to CoVar, without any other preprocessing measures. The control samples are EV1 mRNA-Seq WT replicates 1–3) GSM4946300, GSM494630, GSM4946302), while the perturbed samples are EV1 mRNA-Seq r0 replicates 1–3 (GSM4946315, GSM4946316, GSM4946317). shows that the coefficient of variation (CV), measured the ratio between	high
doi:10.1371/journal.pgen.1002876	10.1371/journal.pgen.1002876	2012	E-MTAB-1115	ArrayExpress	not described in the declaring sentence	Saccharomyces cerevisiae / Homo sapiens [inferred from organism mentions across the paper, not from the quote]	mitochondrial	For each analyzed strain, two biological replicates were cultured (see for growth conditions), harvested, and hybridized to whole-genome tiling arrays as previously described, except that polyA RNA was isolated using the QIAGEN Oligotex mRNA isolation kit prior to cDNA synthesis . Raw tiling array data were processed as described in . Data can be browsed at http://steinmetzlab.embl.de/atp9, normalized data is provided in , and raw data is available from the ArrayExpress database (accession: E-MTAB-1115).	high
doi:10.1371/journal.pgen.1006372	10.1371/journal.pgen.1006372	2016	PRJNA279877	BioProject	genome sequencing / resequencing	Saccharomyces cerevisiae / Escherichia coli [inferred from organism mentions across the paper, not from the quote]	mitochondrial	For identification of genome sequence differences between strains, including single nucleotide polymorphisms (SNPs) and indels, 100 bp paired end Illumina short reads from Y127 and Y128 genomic DNA were generated as previously described []. First, paired-end reads were mapped to either the reference genome Y22-3 [] or a variant of the S288c reference genome (NC_001133, version 64, []) in which the Y22-3 alleles identified by GATK [] were replaced using Bowtie2 [] with default settings. Y127 and Y128 SNPs and indels were further identified with GATK using base quality score recalibration, indel realignment and duplicate removal. Default parameters were used except -mbq 25 to reduce false-posi	low
doi:10.1371/journal.pgen.1011154	10.1371/journal.pgen.1011154	2024	PRJNA1043100	BioProject	not described in the declaring sentence	Saccharomyces cerevisiae / Escherichia coli [inferred from organism mentions across the paper, not from the quote]	mitochondrial	All fastq sequences were deposited in the National Center for Biotechnology Information (NCBI) as a Sequence Read Archive under the BioProject accession number PRJNA1043100 (http://www.ncbi.nlm.nih.gov/bioproject/1043100).	high
doi:10.1371/journal.pone.0005713	10.1371/journal.pone.0005713	2009	GSE14900	GEO-series	RNA-seq / transcriptome / expression array	Homo sapiens / Mus musculus [inferred from organism mentions across the paper, not from the quote]	mitochondrial	RNA samples for microarray analysis were prepared according to the manufacturer's recommendations. Briefly, total RNA was isolated from 8×106 cells using the Qiagen RNeasy Mini kit (Qiagen); 12 µg of total RNA was then used to generate double-stranded cDNA using an oligo (dT24) primer containing a T7 polymerase recognition sequence. The cDNA was then used as a template for in vitro transcription reaction (BioArray High Yield RNA transcript labelling kit ENZO) using biotinylated CTP and UTP to produce labelled cRNA. The cRNA was then fragmented and hybridized to HG-U133A GeneChip arrays (Affymetrix, Santa Clara, CA), which contain 22,283 probe sets designed to interrogate the expression of mo	low
doi:10.1371/journal.pone.0030943	10.1371/journal.pone.0030943	2012	GSE34132	GEO-series	not described in the declaring sentence; GEO accession implies expression data	Saccharomyces cerevisiae / Homo sapiens [inferred from organism mentions across the paper, not from the quote]	mitochondrial	The following additional data are available with the online version of this paper. Supplementary material file contains: , , , , , , , , , , , , , and Supplementary references. Additional data files: contain the analysis of the Duan data (, , , , ); and the mitochondrial blast analyses (); a list of all uniquely mapping mito-nDNA and mito-mito interactions and their interaction strength (); a list of all mapped mito-nDNA and mito-mito interactions and their interaction strength (); and a list of nuclear genes with a mitochondrion annotation in gene ontology (). Sequences are available from GEO (accession number GSE34132).	high
doi:10.1371/journal.pone.0146511	10.1371/journal.pone.0146511	2016	GSE71252	GEO-series	not described in the declaring sentence; GEO accession implies expression data	Saccharomyces cerevisiae / Homo sapiens [inferred from organism mentions across the paper, not from the quote]	mitochondrial	Bioinformatic analysis of sequencing reads was performed using the resources of the Galaxy Project []. During our analysis, fastq_groomer on FASTQ files (Galaxy Tool Version 1.0.4) was performed on FASTQ data files, followed by the use of TopHat 2.0.14 [,] on groomed FASTQ files (Galaxy tool version 0.9) with mean inner distance between mate pairs set to 300 bases and standard deviation for the distance between mate pairs set to 50 bases, reporting of discordant pair alignments, and the use of S. cerevisiae reference genome R64-2-1 []. Moreover, preset TopHat settings were toggled, read group was not specified, and job resource parameters were set to 'no.' Results of the TopHat analysis were	low
doi:10.1371/journal.pone.0234918	10.1371/journal.pone.0234918	2020	PXD014426	PRIDE-proteomics	proteomics	Homo sapiens / Mus musculus [inferred from organism mentions across the paper, not from the quote]	mitochondrial	Proteins immobilized on Dynabeads were trypsin-digested and nanoflow liquid chromatography was used for separation of resulting peptides. Next, analysis of samples by tandem mass spectrometry (nLC-MS2) on a Thermo Orbitrap Fusion (q-OT-qIT, Thermo Scientific) instrument was performed as described elsewhere []. The mass spectrometry data were analyzed and quantified using MaxQuant software (version 1.5.3.8) [] with false discovery rate set to 1% for both proteins and peptides and we specified a minimum length of seven amino acids. The Andromeda search engine was used for the MS/MS spectra search against the Trypanosoma brucei (downloaded from Uniprot, November 2018). Enzyme specificity was se	low
doi:10.1534/g3.114.010330	10.1534/g3.114.010330	2014	PRJNA229450	BioProject	genome sequencing / resequencing	Saccharomyces cerevisiae / Mus musculus [inferred from organism mentions across the paper, not from the quote]	mitochondrial	Paired-end library preparation was performed at the European Molecular Biology Laboratory (EMBL) Genomics Core Facility (Heidelberg, Germany) using the Illumina protocol for preparation of genomic DNA sequencing libraries. Library fragments averaging 300 bp (standard deviation of 25 bp) were sequenced on the Illumina HiSeq platform to a read length of 100 bp. Sequencing reads have been deposited into the Sequence Read Archive of the National Center for Biotechnology Information under accession number PRJNA229450.	high
doi:10.1534/g3.115.017822	10.1534/g3.115.017822	2015	SRR900186	SRA-run	RNA-seq / transcriptome / expression array	Saccharomyces cerevisiae / Homo sapiens [inferred from organism mentions across the paper, not from the quote]	mitochondrial	The pair-ended (100PE) raw RNA-seq data of two strains, GCDA5 and GCDA8, isogenic to wild-type S. cerevisiae S288c () were obtained from the NCBI SRA database (SRR900186 and SRR900220 for GCDA8; SRR900222 and SRR900223 for GCDA5). This dataset is ideal for the examination of GC42 expression, because the sequencing libraries were prepared with no DSN treatment, no polyA selection, no ribosomal or tRNA subtraction, and no size selection. This study is not concerned about exon/intron junctions that are only present in the cox1, cob, and 21S rRNA genes, and BWA () has been shown to be superior to other mapping programs on RNA-seq reads 100 bp in length (). We chose BWA with default settings to d	medium
doi:10.1534/g3.115.017822	10.1534/g3.115.017822	2015	SRR900220	SRA-run	RNA-seq / transcriptome / expression array	Saccharomyces cerevisiae / Homo sapiens [inferred from organism mentions across the paper, not from the quote]	mitochondrial	The pair-ended (100PE) raw RNA-seq data of two strains, GCDA5 and GCDA8, isogenic to wild-type S. cerevisiae S288c () were obtained from the NCBI SRA database (SRR900186 and SRR900220 for GCDA8; SRR900222 and SRR900223 for GCDA5). This dataset is ideal for the examination of GC42 expression, because the sequencing libraries were prepared with no DSN treatment, no polyA selection, no ribosomal or tRNA subtraction, and no size selection. This study is not concerned about exon/intron junctions that are only present in the cox1, cob, and 21S rRNA genes, and BWA () has been shown to be superior to other mapping programs on RNA-seq reads 100 bp in length (). We chose BWA with default settings to d	medium
doi:10.1534/g3.115.017822	10.1534/g3.115.017822	2015	SRR900222	SRA-run	RNA-seq / transcriptome / expression array	Saccharomyces cerevisiae / Homo sapiens [inferred from organism mentions across the paper, not from the quote]	mitochondrial	The pair-ended (100PE) raw RNA-seq data of two strains, GCDA5 and GCDA8, isogenic to wild-type S. cerevisiae S288c () were obtained from the NCBI SRA database (SRR900186 and SRR900220 for GCDA8; SRR900222 and SRR900223 for GCDA5). This dataset is ideal for the examination of GC42 expression, because the sequencing libraries were prepared with no DSN treatment, no polyA selection, no ribosomal or tRNA subtraction, and no size selection. This study is not concerned about exon/intron junctions that are only present in the cox1, cob, and 21S rRNA genes, and BWA () has been shown to be superior to other mapping programs on RNA-seq reads 100 bp in length (). We chose BWA with default settings to d	medium
doi:10.1534/g3.115.017822	10.1534/g3.115.017822	2015	SRR900223	SRA-run	RNA-seq / transcriptome / expression array	Saccharomyces cerevisiae / Homo sapiens [inferred from organism mentions across the paper, not from the quote]	mitochondrial	The pair-ended (100PE) raw RNA-seq data of two strains, GCDA5 and GCDA8, isogenic to wild-type S. cerevisiae S288c () were obtained from the NCBI SRA database (SRR900186 and SRR900220 for GCDA8; SRR900222 and SRR900223 for GCDA5). This dataset is ideal for the examination of GC42 expression, because the sequencing libraries were prepared with no DSN treatment, no polyA selection, no ribosomal or tRNA subtraction, and no size selection. This study is not concerned about exon/intron junctions that are only present in the cox1, cob, and 21S rRNA genes, and BWA () has been shown to be superior to other mapping programs on RNA-seq reads 100 bp in length (). We chose BWA with default settings to d	medium
doi:10.1534/g3.120.401537	10.1534/g3.120.401537	2020	PRJNA632985	BioProject	not described in the declaring sentence	Saccharomyces cerevisiae / Candida/Scheffersomyces [inferred from organism mentions across the paper, not from the quote]	mitochondrial	The sequencing data obtained for mutation frequency estimation are available under BioProject ID PRJNA632985.	high
doi:10.1534/genetics.114.166637	10.1534/genetics.114.166637	2014	ERP005547	ENA-study	not described in the declaring sentence	Saccharomyces cerevisiae / Homo sapiens [inferred from organism mentions across the paper, not from the quote]	mitochondrial	Raw sequence files from this article have been deposited at the Sequence Read Archive (SRA) under accession no. ERP005547 (http://www.ncbi.nlm.nih.gov/sra).	high
doi:10.17912/micropub.biology.000831	10.17912/micropub.biology.000831	2023	PRJNA947634	BioProject	not described in the declaring sentence	Saccharomyces cerevisiae / Escherichia coli [inferred from organism mentions across the paper, not from the quote]	mitochondrial	to assembly ASM2755758v1 (Genbank accession no. GCA_027557585.1). Reads were marked duplicate with Picard tools version 2.12.0 and variants were called using version 4.2.6.1 of GATK using the ‘HaplotypeCaller’. Variants were subjected to a single heuristic filter, namely that only variants with different calls in the ancestor and evolved clone were retained. Variants were annotated with SNPeff (version 4.3t) using the accompanying gff file in the assembly. Raw reads produced in this study are available at NCBI BioProject PRJNA947634.	high
doi:10.3201/eid3111.250503	10.3201/eid3111.250503	2025	PRJDB20459	BioProject	not described in the declaring sentence	Homo sapiens / Candida/Scheffersomyces [inferred from organism mentions across the paper, not from the quote]	mitochondrial	The dataset generated for this study is available in the National Center for Biotechnology Information BioProject (https://www.ncbi.nlm.nih.gov/bioproject) database under accession nos. PRJDB20459 for mapped genomes and PRJNA1244900 for assemblies.	high
doi:10.3201/eid3111.250503	10.3201/eid3111.250503	2025	PRJNA1244900	BioProject	not described in the declaring sentence	Homo sapiens / Candida/Scheffersomyces [inferred from organism mentions across the paper, not from the quote]	mitochondrial	The dataset generated for this study is available in the National Center for Biotechnology Information BioProject (https://www.ncbi.nlm.nih.gov/bioproject) database under accession nos. PRJDB20459 for mapped genomes and PRJNA1244900 for assemblies.	high
doi:10.3389/fgene.2018.00166	10.3389/fgene.2018.00166	2018	PRJNA395439	BioProject	not described in the declaring sentence	Candida/Scheffersomyces / Homo sapiens [inferred from organism mentions across the paper, not from the quote]	mitochondrial	Raw sequencing data are available from the NIH SRA (BioProject PRJNA395439), under BioSample Accession Numbers SAMN07406734 (SC5314), SAMN07406735 (SC5314-GTH12), SAMN07406736 (L757), and SAMN07406737 (L757-GTH12).	high
doi:10.3389/fgene.2019.00383	10.3389/fgene.2019.00383	2019	PRJEB1698	BioProject	genome sequencing / resequencing	Candida/Scheffersomyces / Homo sapiens [inferred from organism mentions across the paper, not from the quote]	mitochondrial	To predict the number of lineages and clusters in our dataset, as well as to detect traces of admixture between the different strains, we used fastGEAR (). For that, this program was set to complete mode, and the same alignment used for the phylogenetic analysis was given as input. All the other parameters were set to default. To have a control of the two expected scenarios, we decided to do the same analysis for C. metapsilosis and C. orthopsilosis, as representatives of a unique hybridization event and multiple hybridization events, respectively (; ). In both situations, all Illumina paired-end sequencing libraries available (BioProjects PRJEB4430, PRJEB1698 and PRJNA322245), as well as fi	high
doi:10.3389/fgene.2019.00383	10.3389/fgene.2019.00383	2019	PRJEB4430	BioProject	genome sequencing / resequencing	Candida/Scheffersomyces / Homo sapiens [inferred from organism mentions across the paper, not from the quote]	mitochondrial	To predict the number of lineages and clusters in our dataset, as well as to detect traces of admixture between the different strains, we used fastGEAR (). For that, this program was set to complete mode, and the same alignment used for the phylogenetic analysis was given as input. All the other parameters were set to default. To have a control of the two expected scenarios, we decided to do the same analysis for C. metapsilosis and C. orthopsilosis, as representatives of a unique hybridization event and multiple hybridization events, respectively (; ). In both situations, all Illumina paired-end sequencing libraries available (BioProjects PRJEB4430, PRJEB1698 and PRJNA322245), as well as fi	high
doi:10.3389/fgene.2019.00383	10.3389/fgene.2019.00383	2019	PRJNA322245	BioProject	genome sequencing / resequencing	Candida/Scheffersomyces / Homo sapiens [inferred from organism mentions across the paper, not from the quote]	mitochondrial	To predict the number of lineages and clusters in our dataset, as well as to detect traces of admixture between the different strains, we used fastGEAR (). For that, this program was set to complete mode, and the same alignment used for the phylogenetic analysis was given as input. All the other parameters were set to default. To have a control of the two expected scenarios, we decided to do the same analysis for C. metapsilosis and C. orthopsilosis, as representatives of a unique hybridization event and multiple hybridization events, respectively (; ). In both situations, all Illumina paired-end sequencing libraries available (BioProjects PRJEB4430, PRJEB1698 and PRJNA322245), as well as fi	high
doi:10.3389/fgene.2019.00383	10.3389/fgene.2019.00383	2019	PRJNA517794	BioProject	genome sequencing / resequencing	Candida/Scheffersomyces / Homo sapiens [inferred from organism mentions across the paper, not from the quote]	mitochondrial	Whole-genome sequencing was performed at the Genomics Unit from Centre for Genomic Regulation (CRG) with a HiSeq2500 machine. Libraries were prepared using the NEBNext Ultra DNA Library Prep kit for Illumina (New England BioLabs, United States) according to manufacturer’s instructions. All reagents subsequently mentioned are from the NEBNext Ultra DNA Library Prep kit for Illumina if not specified otherwise. 1 μg of gDNA was fragmented by nebulization in Covaris to a size of ∼600 bp. After shearing, the ends of the DNA fragments were blunted with the End Prep Enzyme Mix, and then NEBNext Adaptors for Illumina were ligated using the Blunt/TA Ligase Master Mix. The adaptor-ligated DNA was clea	low
doi:10.3389/fgene.2019.00383	10.3389/fgene.2019.00383	2019	PRJNA520893	BioProject	genome sequencing / resequencing	Candida/Scheffersomyces / Homo sapiens [inferred from organism mentions across the paper, not from the quote]	mitochondrial	To predict the number of lineages and clusters in our dataset, as well as to detect traces of admixture between the different strains, we used fastGEAR (). For that, this program was set to complete mode, and the same alignment used for the phylogenetic analysis was given as input. All the other parameters were set to default. To have a control of the two expected scenarios, we decided to do the same analysis for C. metapsilosis and C. orthopsilosis, as representatives of a unique hybridization event and multiple hybridization events, respectively (; ). In both situations, all Illumina paired-end sequencing libraries available (BioProjects PRJEB4430, PRJEB1698 and PRJNA322245), as well as fi	low
doi:10.3389/fgene.2020.00002	10.3389/fgene.2020.00002	2020	GSE10205	GEO-series	RNA-seq / transcriptome / expression array	Saccharomyces cerevisiae / Schizosaccharomyces pombe [inferred from organism mentions across the paper, not from the quote]	mitochondrial	Publicly available datasets were analyzed in this study. These data can be found at Gene Expression Omnibus (GSE9423, GSE10205, and GSE16376).	high
doi:10.3389/fgene.2020.00002	10.3389/fgene.2020.00002	2020	GSE16376	GEO-series	RNA-seq / transcriptome / expression array	Saccharomyces cerevisiae / Schizosaccharomyces pombe [inferred from organism mentions across the paper, not from the quote]	mitochondrial	Publicly available datasets were analyzed in this study. These data can be found at Gene Expression Omnibus (GSE9423, GSE10205, and GSE16376).	high
doi:10.3389/fgene.2020.00002	10.3389/fgene.2020.00002	2020	GSE9423	GEO-series	RNA-seq / transcriptome / expression array	Saccharomyces cerevisiae / Schizosaccharomyces pombe [inferred from organism mentions across the paper, not from the quote]	mitochondrial	Publicly available datasets were analyzed in this study. These data can be found at Gene Expression Omnibus (GSE9423, GSE10205, and GSE16376).	high
doi:10.3389/fmicb.2016.01545	10.3389/fmicb.2016.01545	2016	PRJNA298959	BioProject	genome sequencing / resequencing	Saccharomyces cerevisiae [inferred from organism mentions across the paper, not from the quote]	mitochondrial	After PCR amplification, products were purified, quantified and then adjusted to equal molar ratios to use as the Illumina sequencing template. Standard single-end sequencing primer was used, and sequencing was carried out with an Illumina NextSeq. The sequence reads have been deposited at the NCBI repository under the Sequence Read Archive SRP064889 and Bioproject PRJNA298959. The Illumina sequencing reads were assigned to different experiment samples using the 6-nucleotide multiplex index. Sequence reads were assigned to each tag by allowing two positon mismatches, by using a script in BioPython. This script counts the number of bases that are different between reads and each tag (mismatch	high
doi:10.3389/fmicb.2016.01545	10.3389/fmicb.2016.01545	2016	SRP064889	SRA-study	genome sequencing / resequencing	Saccharomyces cerevisiae [inferred from organism mentions across the paper, not from the quote]	mitochondrial	After PCR amplification, products were purified, quantified and then adjusted to equal molar ratios to use as the Illumina sequencing template. Standard single-end sequencing primer was used, and sequencing was carried out with an Illumina NextSeq. The sequence reads have been deposited at the NCBI repository under the Sequence Read Archive SRP064889 and Bioproject PRJNA298959. The Illumina sequencing reads were assigned to different experiment samples using the 6-nucleotide multiplex index. Sequence reads were assigned to each tag by allowing two positon mismatches, by using a script in BioPython. This script counts the number of bases that are different between reads and each tag (mismatch	high
doi:10.3389/fmicb.2020.560332	10.3389/fmicb.2020.560332	2020	PRJNA328792	BioProject	genome sequencing / resequencing	Candida/Scheffersomyces / Saccharomyces cerevisiae [inferred from organism mentions across the paper, not from the quote]	mitochondrial	Read data for all C. auris isolates used in the alignments were from the public domain and downloaded from the National Center for Biotechnology Information’s Sequence Read Archive (NCBI/SRA). BioProject IDs included PRJNA328792 for Illumina reads of non-Colombian isolates, PRJNA328792 for the Pac Bio reads of the reference strain B8441 () and PRJNA470683 for Illumina reads of the Colombian isolates ().	high
doi:10.3389/fmicb.2020.560332	10.3389/fmicb.2020.560332	2020	PRJNA470683	BioProject	genome sequencing / resequencing	Candida/Scheffersomyces / Saccharomyces cerevisiae [inferred from organism mentions across the paper, not from the quote]	mitochondrial	Read data for all C. auris isolates used in the alignments were from the public domain and downloaded from the National Center for Biotechnology Information’s Sequence Read Archive (NCBI/SRA). BioProject IDs included PRJNA328792 for Illumina reads of non-Colombian isolates, PRJNA328792 for the Pac Bio reads of the reference strain B8441 () and PRJNA470683 for Illumina reads of the Colombian isolates ().	high
doi:10.3389/fmicb.2020.560332	10.3389/fmicb.2020.560332	2020	SRR7140045	SRA-run	not described in the declaring sentence	Candida/Scheffersomyces / Saccharomyces cerevisiae [inferred from organism mentions across the paper, not from the quote]	mitochondrial	The Colombia-Venezuela haplotype differs from the reference B8441 by more than a few nucleotides in the intergenic region between NAD5 and tRNA-Ser, where there is a 25-nt insert containing a locally repeated nucleotide motif, and then shortly following it, another insert of 2 nt in a poly-T stretch (). Examination of the single reads at the location using blastn_vdb confirmed that that the 25-nt insert was not merely an assembly/alignment artifact, nor a result of a heteroplasmy in which only some of the mitochondrial genome copies contain the insert. Indeed, at this location numerous reads (>600 in read set SRR7140045) perfectly matched the Colombia-Venezuela haplotype, while no reads corr	medium
doi:10.3389/fmicb.2023.1268944	10.3389/fmicb.2023.1268944	2023	PRJNA998421	BioProject	not described in the declaring sentence	Saccharomyces cerevisiae / Candida/Scheffersomyces [inferred from organism mentions across the paper, not from the quote]	mitochondrial	All new assemblies, as well as existing mtDNAs that were not annotated, were annotated from scratch; all genome annotations, including published ones, were curated for consistency and to improve accuracy as described below. The translation table for each species was estimated using codetta v2.0 (). Yeast mitochondrial translation tables fall into either the Mold, Protozoan, and Coelenterate Mitochondrial Code and the Mycoplasma/Spiroplasma Code (NCBI table 4, hereafter referred to as the fungal code), which is consistent with other fungi, or the yeast mitochondrial code (NCBI table 3, originally based on S. cerevisiae, hereafter referred to as the Saccharomyces code) based on additional reas	low
doi:10.3389/fnmol.2017.00232	10.3389/fnmol.2017.00232	2017	GSE94793	GEO-series	RNA-seq / transcriptome / expression array	Saccharomyces cerevisiae / Homo sapiens [inferred from organism mentions across the paper, not from the quote]	mitochondrial	Samples for microarray analysis were taken from duplicate cultures during EX, PD, SP1, and SP2, respectively. Samples of cells were frozen rapidly in liquid nitrogen to prevent mRNA turnover (Piper et al., ). Total RNA was extracted using the RNeasy Mini Kit (QIAGEN, Germany) with a FastPrep homogenizer (MP Biomedicals, USA) to disrupt cells. Quality of total RNA was assessed by an Agilent 2100 bioanalyzer (Agilent Technologies, USA). Further RNA preparation and hybridization of biotin-conjugated aRNA fragments to Yeast Genome 2.0 Arrays (Affymetrix GeneChip, USA) was performed by the Bioinformatics and Expression Analysis core facility (BEA) of the Karolinska Institute, Sweden. Microarray d	low
doi:10.3390/biom13030501	10.3390/biom13030501	2023	PRJNA632985	BioProject	not described in the declaring sentence	Saccharomyces cerevisiae / Homo sapiens [inferred from organism mentions across the paper, not from the quote]	mitochondrial	The sequencing data of the ancestors and MALs are available in the SRA (Sequence Read Archive) database under the BioProject ID of PRJNA632985. The key raw data are uploaded to the Research Deposit public platform (www.researchdata.org.cn, accessed on 5 February 2023), with the approval RDD number of RDDB2022390844.	high
doi:10.3390/biom16081177	10.3390/biom16081177	2026	GSE339246	GEO-series	ChIP-seq; RNA-seq / transcriptome / expression array	Schizosaccharomyces pombe / Homo sapiens [inferred from organism mentions across the paper, not from the quote]	mitochondrial	All data supporting the findings of this study are available from the corresponding author upon reasonable request. The U-2 OS RNA-seq data have been deposited in the NCBI Gene Expression Omnibus (GEO) under accession number GSE339246. The S. pombe RNA-seq and ChIP-seq datasets have also been deposited in the NCBI GEO under accession numbers GSE342402 and GSE342403.	high
doi:10.3390/biom16081177	10.3390/biom16081177	2026	GSE342402	GEO-series	ChIP-seq; RNA-seq / transcriptome / expression array	Schizosaccharomyces pombe / Homo sapiens [inferred from organism mentions across the paper, not from the quote]	mitochondrial	All data supporting the findings of this study are available from the corresponding author upon reasonable request. The U-2 OS RNA-seq data have been deposited in the NCBI Gene Expression Omnibus (GEO) under accession number GSE339246. The S. pombe RNA-seq and ChIP-seq datasets have also been deposited in the NCBI GEO under accession numbers GSE342402 and GSE342403.	high
doi:10.3390/biom16081177	10.3390/biom16081177	2026	GSE342403	GEO-series	ChIP-seq; RNA-seq / transcriptome / expression array	Schizosaccharomyces pombe / Homo sapiens [inferred from organism mentions across the paper, not from the quote]	mitochondrial	All data supporting the findings of this study are available from the corresponding author upon reasonable request. The U-2 OS RNA-seq data have been deposited in the NCBI Gene Expression Omnibus (GEO) under accession number GSE339246. The S. pombe RNA-seq and ChIP-seq datasets have also been deposited in the NCBI GEO under accession numbers GSE342402 and GSE342403.	high
doi:10.3390/ijms252212257	10.3390/ijms252212257	2024	PRJNA934044	BioProject	genome sequencing / resequencing	Escherichia coli / Mus musculus [inferred from organism mentions across the paper, not from the quote]	mitochondrial	Total DNA was extracted from 0.5 g of the etiolated seedlings using the modified cetyltrimethylammonium bromide (CTAB) method [], and the purity and quantity of the extracted DNA were assessed with Nanodrop 2000 (Thermo Fisher Scientific, Carlsbad, CA, USA) and Qubit 2.0 (Thermo Fisher Scientific, Carlsbad, CA, USA). Then, the DNA was sequenced (accession number: PRJNA934044) following the second-generation Illumina Hi-seq and third-generation PacBio methods.	high
doi:10.3390/ijms27062624	10.3390/ijms27062624	2026	MTBLS13540	MetaboLights	metabolomics	Homo sapiens / Saccharomyces cerevisiae [inferred from organism mentions across the paper, not from the quote]	mitochondrial	The data generated during this study are included within the article in files. Raw metabolomic data have been deposited to MetaboLights [] repository with the study identifier MTBLS13540 (https://www.ebi.ac.uk/metabolights/MTBLS13540, accessed on 22 January 2026).	high
doi:10.3390/jof8080862	10.3390/jof8080862	2022	PRJEB53944	BioProject	genome sequencing / resequencing	Saccharomyces cerevisiae / Homo sapiens [inferred from organism mentions across the paper, not from the quote]	mitochondrial	The obtained genome sequences were deposited in the DDBJ/EMBL/GenBank database under the bioproject number PRJEB53944.	high
doi:10.3390/nano9040512	10.3390/nano9040512	2019	GSE125759	GEO-series	not described in the declaring sentence; GEO accession implies expression data	Saccharomyces cerevisiae / Homo sapiens [inferred from organism mentions across the paper, not from the quote]	mitochondrial	The BY4742 strain was grown in YPD (1% w/v Yeast extract, 2% w/v Peptone, 2% w/v Dextrose) liquid cultures, with 0 mg·L−1, 0.25 mg·L−1 nystatin and 0.25 mg·L−1 nystatin supplemented with 100 mg·L−1 CdS QDs, as reported in Pasquali et al. (2017) []. Sub-inhibitory concentrations (0.25 mg·L−1) of nystatin (that binds the ergosterol in the fungal cell membrane, therefore inducing the formation of pores, as reported in Bilinski et al. (1990) []) were added to encourage the uptake of CdS QDs into the yeast cells by increasing the membrane permeability and reducing the required concentration of QDs. To prevent aggregation, the CdS QD suspension has been thoroughly sonicated. The stability of the C	low
doi:10.7554/elife.31989	10.7554/elife.31989	2018	E-MTAB-1766	ArrayExpress	not described in the declaring sentence	Saccharomyces cerevisiae / Homo sapiens [inferred from organism mentions across the paper, not from the quote]	mitochondrial	Nrd1 PAR-CLIP data from () were used to assess the Nrd1 and Nab3 occupancy at each CUT. This study provides both Nrd1 PAR-CLIP and 4tU-Seq data for the same samples (accession E-MTAB-1766). The raw NGS reads were aligned to the yeast genome using STAR v2.5.2 in the local mode. The Nrd1 PAR-CLIP BAM files were converted to the mpileup format using samtools. The cross-linking positions (defined as T-to-C and A-to-G conversion sites on the forward and reverse strands, respectively) were detected with single nucleotide resolution using VarScan v.2.4.3. The resultant VCF files were converted to Bedgraph files and normalized to 1 million tags. This pipeline is described in the 05-Reanalysis_of_4sU	high
doi:10.7554/elife.31989	10.7554/elife.31989	2018	GSE55982	GEO-series	amplicon/metagenome	Saccharomyces cerevisiae / Homo sapiens [inferred from organism mentions across the paper, not from the quote]	mitochondrial	Genomic coordinates of CUTs (n = 925) and SUTs (n = 847) were obtained from (). The coordinates were converted from SacCer2 to SacCer3 using kentUtils liftOver tool and the chain file sacCer2ToSacCer3.over.chain.gz. Coordinates of SGD genes in SacCer3 (n = 6692) were downloaded from the UCSC Table Browser. To obtain CUTs for , CUTs overlapping other transcription units are removed. For the remaining CUTs (n = 238), the nearest downstream gene on the same strand was found, and the distance to this gene was calculated. The final 68 CUT-gene pairs were selected based on the following criteria: (i) the distance between the 3’ end of the CUT and the TSS of the downstream gene (gap interval) is be	low
doi:10.7554/elife.31989	10.7554/elife.31989	2018	GSE56435	GEO-series	not described in the declaring sentence; GEO accession implies expression data	Saccharomyces cerevisiae / Homo sapiens [inferred from organism mentions across the paper, not from the quote]	mitochondrial	Pol II PAR-CLIP data from were used to assess Nrd1-dependent transcription termination of each CUT. The level of nascent transcription over the CUTs and their gap intervals were assessed using the original Wig files provided by authors (accession GSE56435). The read-through index is defined as the ratio of Pol II PAR-CLIP signal at the gap interval divided by Pol II PAR-CLIP signal at their CUT in the Nrd1-AA sample compared the control sample. The Rbp2 strain treated with rapamycin was used as the control. For details see the 04-Nrd1-dependent_termination_of_CUTs.R pipeline. The Pol II PAR-CLIP data were also used to visualize the genome-wide changes in the nascent transcription profile whi	high
doi:10.7554/elife.35330	10.7554/elife.35330	2018	PXD008785	PRIDE-proteomics	proteomics (PRIDE) [inferred from repository, not stated in quote]	Saccharomyces cerevisiae [inferred from organism mentions across the paper, not from the quote]	mitochondrial	Data was processed using the MaxQuant software platform (v1.5.6.0), with database searches carried out by the in-built Andromeda search engine against the Uniprot S. cerevisiae database (version 20160815, number of entries: 6,729). A reverse decoy database approach was used at a 1% false discovery rate (FDR) for peptide spectrum matches. Search parameters included: maximum missed cleavages set to 2, fixed modification of cysteine carbamidomethylation and variable modifications of methionine oxidation, asparagine deamidation and N-terminal glutamine to pyroglutamate conversion. Label-free quantification was enabled with an LFQ minimum ratio count of 2. ‘Match between runs’ function was used w	low
doi:10.7554/elife.76095	10.7554/elife.76095	2022	PRJNA622836	BioProject	genome sequencing / resequencing	Saccharomyces cerevisiae / Homo sapiens [inferred from organism mentions across the paper, not from the quote]	mitochondrial	To exclude confounding effects of very early mtDNA changes, i.e. during freezing, thawing and the first round of paraquat cultivation, we thawed and single streaked frozen cells from founder (A7 position), A7 t50 and D1 t50 populations. We isolated and expanded one clone from each population and cultivated these in the presence of paraquat until stationary phase. DNA was extracted using Qiagen Genomic-tip 100 /G DNA extraction kit. Libraries for Oxford Nanopore sequencing were prepared using 1D Native barcoding genomic DNA with the EXP-NBD104 and SQK-LSK108kit. The flow cell version was FLO-MIN106, and the raw nanopore reads were basecalled by guppy (v2.1.3) with a minimal quality score cuto	low
doi:10.7717/peerj.4030	10.7717/peerj.4030	2017	PRJNA390458	BioProject	not described in the declaring sentence | TABLE CELL: the accession sits in a table; the preceding cell reads: "Bioproject"	Saccharomyces cerevisiae / Aspergillus [inferred from organism mentions across the paper, not from the quote]	mitochondrial	PRJNA390458	medium
doi:10.7717/peerj.4030	10.7717/peerj.4030	2017	SRR5860569	SRA-run	not described in the declaring sentence | TABLE CELL: the accession sits in a table; the preceding cell reads: "SRA"	Saccharomyces cerevisiae / Aspergillus [inferred from organism mentions across the paper, not from the quote]	mitochondrial	SRR5860569	medium
doi:10.1002/bit.27210	10.1002/bit.27210	2020	GSE133136	GEO-series	not described in the declaring sentence; GEO accession implies expression data	Saccharomyces cerevisiae / Lactococcus/Lactobacillus [inferred from organism mentions across the paper, not from the quote]	ethanol_reference	Detailed descriptions of sampling procedures (Mendes et al., ; Piper et al., ) total RNA extraction (Schmitt, Brown, & Trumpower, ), mRNA enrichment and RNA sequencing (Novogene, Hong Kong, China & Baseclear, Leiden, The Netherlands), alignment (STAR; Dobin et al., ) and mapping (ht‐seq count; Anders, Pyl, & Huber, ) of reads against the S288C genome (Engel et al., ), TMM‐normalization (EdgeR R‐package; Robinson, McCarthy, & Smyth, ), gene set enrichment (piano R‐package; Väremo, Nielsen, & Nookaew, ) and trend analysis with the regression‐based growth rate (see above) as variable (maSigPro R‐package; Conesa, Nueda, Ferrer, & Talon, ; Nueda, Tarazona, & Conesa, ) are provided in Supporting I	low
doi:10.1007/s00018-022-04569-8	10.1007/s00018-022-04569-8	2022	PXD026639	PRIDE-proteomics	proteomics	Saccharomyces cerevisiae / Homo sapiens [inferred from organism mentions across the paper, not from the quote]	ethanol_reference	Raw and analysed data can be found in the Supplementary Material. Proteomics chromatograms were deposited to PRIDE. PXD026639 [Deutsch EW, Bandeira N, Sharma V, Perez-Riverol Y, Carver JJ, Kundu DJ, García-Seisdedos D, Jarnuczak AF, Hewapathirana S, Pullman BS, Wertz J, Sun Z, Kawano S, Okuda S, Watanabe Y, Hermjakob H, MacLean B, MacCoss MJ, Zhu Y, Ishihama Y, Vizcaíno JA(2020). The ProteomeXchange consortium in 2020: enabling ‘big data’ approaches in proteomics, Nucleic Acids Res 48(D1):D1145-D1152 (PubMed PMID: 31686107).	high
doi:10.1007/s00253-024-13382-1	10.1007/s00253-024-13382-1	2024	PRJNA1152126	BioProject	amplicon/metagenome; genome sequencing / resequencing	Saccharomyces cerevisiae / Candida/Scheffersomyces [inferred from organism mentions across the paper, not from the quote]	ethanol_reference	The 18S rDNA sequence of S. spartinae YMxiao and the sequence of plasmid pUG72-NATss has been deposited in the NCBI nucleotide database with the accession numbers PQ279892 and PQ336169, respectively. The Whole Genome Shotgun project of S. spartinae YMxiao has been deposited at DDBJ/ENA/GenBank under the accession JBJABQ000000000. The version described in this paper is version JBJABQ010000000.The raw data of next-generation sequencing were available at SRA database with the accession number of PRJNA1152126.	high
doi:10.1007/s00253-025-13626-8	10.1007/s00253-025-13626-8	2025	PRJDB19977	BioProject	genome sequencing / resequencing	Saccharomyces cerevisiae / Homo sapiens [inferred from organism mentions across the paper, not from the quote]	ethanol_reference	Total RNA extraction and complementary DNA library construction for RNA sequencing were conducted according to a previously described method (Karitani et al. ). RNA sequencing was performed using DNBSEQ-G400 (MGI Tech, Shenzhen, China). The genome sequence of S. cerevisiae strain S288c was used as a reference for read mapping using Geneious (Tomy Digital Biology, Tokyo, Japan). Differential expression log2 ratios and p-values were calculated, and differentially expressed genes (DEGs) were identified using Geneious software. RNA sequencing data were deposited in the DDBJ nucleotide sequence database under the accession number PRJDB19977.	high
doi:10.1007/s10482-025-02243-0	10.1007/s10482-025-02243-0	2026	PRJNA1185419	BioProject	genome sequencing / resequencing	Mus musculus / Saccharomyces cerevisiae [inferred from organism mentions across the paper, not from the quote]	ethanol_reference	The fermentation temperature of sauce-flavored high-temperature Daqu can reach 65 °C, where microbial diversity and abundance are closely associated with liquor yield and quality. This study aimed to isolate thermotolerant yeast strains from sauce-flavored high-temperature Daqu and investigate their tolerance mechanisms and safety profiles. Using sauce-flavored Daqu as material, culturable methods were applied for yeast isolation and screening, followed by whole-genome sequencing analysis. The biological characteristics were examined, and gain an in-depth understanding of their high-temperature resistance mechanisms and characteristics. A thermotolerant yeast strain L253 was isolated and ide	low
doi:10.1007/s10577-026-09813-6	10.1007/s10577-026-09813-6	2026	PRJNA609885	BioProject	genome sequencing / resequencing	Saccharomyces cerevisiae / Candida/Scheffersomyces [inferred from organism mentions across the paper, not from the quote]	ethanol_reference	Whole Genome Shotgun projects have been deposited at DDBJ/ENA/GenBank under BioProject PRJNA609885 with the accessions JADGGB000000000 and JADGGC000000000. The versions described in this paper are versions JADGGB010000000 and JADGGC010000000.	high
doi:10.1016/j.cell.2016.08.020	10.1016/j.cell.2016.08.020	2016	PRJNA323691	BioProject	not described in the declaring sentence	Saccharomyces cerevisiae / Homo sapiens [inferred from organism mentions across the paper, not from the quote]	ethanol_reference	The accession numbers for the de novo assembly data reported in this paper are DDBJ/ENA/GenBank: Bioproject ID, PRJNA323691, Biosample ID SAMN05190362-SAMN05190518, and MBUB00000000-MCAB00000000 ().	high
doi:10.1016/j.dib.2022.108030	10.1016/j.dib.2022.108030	2022	PRJNA369593	BioProject	genome sequencing / resequencing	Zymomonas mobilis / Kluyveromyces marxianus [inferred from organism mentions across the paper, not from the quote]	ethanol_reference	The draft genome sequence of M. farinosa KCTC27753 is available at DDBJ/EMBL/GenBank under the BioSample, BioProject, and assembly/WGS accession numbers SAME06289667, PRJNA369593 (http://www.ncbi.nlm.nih.gov/bioproject/PRJNA369593), and GCA_002196765 (https://www.ncbi.nlm.nih.gov/assembly/GCA_002196765.1), respectively.	high
doi:10.1016/j.engmic.2026.100269	10.1016/j.engmic.2026.100269	2026	PRJNA1397956	BioProject	genome sequencing / resequencing	Komagataella/Pichia / Saccharomyces cerevisiae [inferred from organism mentions across the paper, not from the quote]	ethanol_reference	The data supporting the findings of this study are included in this published article as well as in the Supplementary Materials available online. Raw genome sequence data are publicly available through the following BioSample records at the NCBI: https://www.ncbi.nlm.nih.gov/sra/PRJNA1397956.	high
doi:10.1016/j.mec.2025.e00267	10.1016/j.mec.2025.e00267	2025	PRJEB49512	BioProject	genome sequencing / resequencing	Saccharomyces cerevisiae / Escherichia coli [inferred from organism mentions across the paper, not from the quote]	ethanol_reference	Library preparations and NGS sequencing was performed by Novogene on Illumina NovaSeq 6000 sequencing system (Microbial Whole Genome Sequencing (WOBI) producing PE150 reads). The raw reads of genomic DNA samples (Supplementary material) were deposited in ENA database (https://www.ebi.ac.uk/ena/) in project PRJEB49512.	high
doi:10.1016/j.synbio.2025.10.015	10.1016/j.synbio.2025.10.015	2026	PRJNA1335294	BioProject	RNA-seq / transcriptome / expression array; proteomics	Saccharomyces cerevisiae / Komagataella/Pichia [inferred from organism mentions across the paper, not from the quote]	ethanol_reference	The transcriptomic data have been deposited to the NCBI database under the BioProject accession number PRJNA1335294. The mass spectrometry proteomic data have been deposited to the ProteomeXchange Consortium with the dataset identifier PXD068901.	high
doi:10.1016/j.synbio.2025.10.015	10.1016/j.synbio.2025.10.015	2026	PXD068901	PRIDE-proteomics	RNA-seq / transcriptome / expression array; proteomics	Saccharomyces cerevisiae / Komagataella/Pichia [inferred from organism mentions across the paper, not from the quote]	ethanol_reference	The transcriptomic data have been deposited to the NCBI database under the BioProject accession number PRJNA1335294. The mass spectrometry proteomic data have been deposited to the ProteomeXchange Consortium with the dataset identifier PXD068901.	high
doi:10.1038/s41467-023-41064-5	10.1038/s41467-023-41064-5	2023	PRJNA870168	BioProject	genome sequencing / resequencing	Saccharomyces cerevisiae / Komagataella/Pichia [inferred from organism mentions across the paper, not from the quote]	ethanol_reference	Draft genome sequences of relevant acid tolerant Pichia strains were accessed under the BioProject accession PRJNA870168. are provided with this paper.	high
doi:10.1038/s41467-024-49683-2	10.1038/s41467-024-49683-2	2024	PRJEB33675	BioProject	amplicon/metagenome	Saccharomyces cerevisiae / Lactococcus/Lactobacillus [inferred from organism mentions across the paper, not from the quote]	ethanol_reference	Metagenomic sequence data are deposited in the European Nucleotide Archive under accession number PRJEB33675. Assembled genomes are under accession PRJEB52385. The gene catalogue created in this study is available via the Zenodo data archive [https://zenodo.org/records/11230028]. are provided with this paper.	high
doi:10.1038/s41467-024-49683-2	10.1038/s41467-024-49683-2	2024	PRJEB52385	BioProject	amplicon/metagenome	Saccharomyces cerevisiae / Lactococcus/Lactobacillus [inferred from organism mentions across the paper, not from the quote]	ethanol_reference	Metagenomic sequence data are deposited in the European Nucleotide Archive under accession number PRJEB33675. Assembled genomes are under accession PRJEB52385. The gene catalogue created in this study is available via the Zenodo data archive [https://zenodo.org/records/11230028]. are provided with this paper.	high
doi:10.1038/s41598-021-04554-4	10.1038/s41598-021-04554-4	2022	GSE159167	GEO-series	RNA-seq / transcriptome / expression array	Saccharomyces cerevisiae / Candida/Scheffersomyces [inferred from organism mentions across the paper, not from the quote]	ethanol_reference	Microarray data were submitted to the NCBI GEO with GSE159167 as accession number [https://www.ncbi.nlm.nih.gov/geo/query/acc.cgi?acc=GSE159167].	high
doi:10.1038/s41598-024-74174-1	10.1038/s41598-024-74174-1	2024	PRJNA1114907	BioProject	RNA-seq / transcriptome / expression array; genome sequencing / resequencing	Saccharomyces cerevisiae / Schizosaccharomyces pombe [inferred from organism mentions across the paper, not from the quote]	ethanol_reference	Cells used for RNA extraction were collected at 48 h of fermentation under 1.25 M NaCl. Total RNA from three biological replicates of each strain was extracted using the Yeast RNA Kit (Omega Bio-Tek, Norcross, USA) following the manufacturer’s instructions. The quality and concentration of the total RNA were measured by Nanodrop 2000/2000C (Thermo Scientific, Waltham, USA) and confirmed through agarose gel electrophoresis. RNA-seq analysis was performed using Illumina NovaSeq X Plus by Novogene Technology Co. Ltd. (Beijing, China) according to the manufacturer’s recommendations. Approximately 6 Gb of clean data for each sample were used to perform the transcriptional analysis. The raw sequen	low
doi:10.1038/s41598-025-12204-2	10.1038/s41598-025-12204-2	2025	PRJEB85262	BioProject	amplicon/metagenome; genome sequencing / resequencing	Saccharomyces cerevisiae / Kluyveromyces marxianus [inferred from organism mentions across the paper, not from the quote]	ethanol_reference	All datasets supporting the conclusions of this study are available within the article and its supplementary files. The sequencing data generated in this study have been deposited in the European Nucleotide Archive (ENA) at the European Bioinformatics Institute (EBI) under project number PRJEB85262, including whole-genome sequencing of Ogataea polymorpha yeast strains BEP/cat8Δ and its derivatives [https://www.ebi.ac.uk/ena/browser/view/PRJEB85262]. Additional datasets, including raw fermentation and growth data, have been deposited on Zenodo [10.5281/zenodo.15571557].	high
doi:10.1038/srep06556	10.1038/srep06556	2014	GSE22939	GEO-series	RNA-seq / transcriptome / expression array	Saccharomyces cerevisiae [inferred from organism mentions across the paper, not from the quote]	ethanol_reference	Genome microarray was fabricated with a version of 70-mer oligo set representing 6388 genes using OmniGrid 300 Gene Machine with embedded universal RNA reference and restricted quality control measurements,. Cultures of S. cerevisiae strain NRRL Y-12632 were treated with HMF at a final concentration of 30 mM 6 h after the inoculation. A time course study was carried on and samples taken at 0, 10, 30, 60, 120 min after the HMF treatment. Cultures grown under the same conditions without the HMF treatment served as a control. Two replicated experiments were carried out for each condition. Cells harvesting, RNA isolation, labeling and hybridization were carried out as previously described,,. Mic	low
doi:10.1038/srep06556	10.1038/srep06556	2014	PRJNA201005	BioProject	genome sequencing / resequencing	Saccharomyces cerevisiae [inferred from organism mentions across the paper, not from the quote]	ethanol_reference	This work was supported by Young Investigator Program (31401076; 61103167; 6130316) from National Natural Science Foundation of China, National Basic Research Program from Ministry of Science and Technology of China (2011CB200902; 2012CB721101), International Research Collaboration Program (31010103907), International Innovation Partnership Program from Chinese Academy of Sciences and Ministry of Science and Technology's high-tech (863) grant (grant number 2012AA02A707 and 2014AA021502); and NIFA National Research Initiative Competitive Award project 2006-35504-17359 to ZLL. The Whole Genome Shotgun projects were deposited at NCBI: PRJNA201005 for NRRL Y-12632.	high
doi:10.1038/srep38676	10.1038/srep38676	2016	SRP078504	SRA-study	genome sequencing / resequencing	Saccharomyces cerevisiae / Candida/Scheffersomyces [inferred from organism mentions across the paper, not from the quote]	ethanol_reference	Whole-genome sequencing of LVY27, LVY34.4 and LVY41.5 was performed using Illumina MiSeq at University of North Carolina (UNC, USA) sequencing facility. For each sample, millions of 2 × 300-bp paired-end reads were generated with an average size of 500 bp. The software PEAR was used to merge the overlapping paired-end reads in a single sequence. For each strain, overlapped reads were assembled into longer contigs using VELVET assembler with k-mer parameter optimized to maximize the N50 metric. The complete dataset of DNA-seq reads have been deposited in SRA under accession number SRP078504.	high
doi:10.1091/mbc.e16-03-0187	10.1091/mbc.e16-03-0187	2016	E-MTAB-4044	ArrayExpress	not described in the declaring sentence	Saccharomyces cerevisiae / Homo sapiens [inferred from organism mentions across the paper, not from the quote]	ethanol_reference	Read counts were used in the differential expression analysis, with the software DESeq (). The p values were adjusted for multiple testing using the Benjamini–Hochberg procedure () as implemented in DESeq. All conditions were compared with the reference samples. Raw data from the experiments were deposited in ArrayExpress and assigned the identifier E-MTAB-4044.	high
doi:10.1093/femsyr/foac007	10.1093/femsyr/foac007	2022	GSE140480	GEO-series	genome sequencing / resequencing	Saccharomyces cerevisiae / Kluyveromyces marxianus [inferred from organism mentions across the paper, not from the quote]	ethanol_reference	Cells were harvested from an overnight culture on YPD by centrifugation (5 min at 4000 x g) and genomic DNA was isolated with the Qiagen genomic DNA 100/G Kit (Qiagen, Hilden, Germany) according to the manufacturer's instructions. MinION genomic DNA libraries (SQK-LSK108, Oxford Nanopore Technologies, Oxford, UK) were prepared using the 1D genomic DNA by ligation and the SQK-LSK108 library was sequenced on an R9 chemistry flow cell (FLO-MIN107). Base calling was performed with Albacore v1.1.5 (Oxford Nanopore Technologies), reads were assembled using Canu v1.4 (Koren et al. ), and the resulting assembly was polished with Pilon v1.18 (Walker et al. ). To annotate the genome sequence of O. par	low
doi:10.1093/femsyr/foac007	10.1093/femsyr/foac007	2022	PRJNA717220	BioProject	not described in the declaring sentence	Saccharomyces cerevisiae / Kluyveromyces marxianus [inferred from organism mentions across the paper, not from the quote]	ethanol_reference	Numerical data presented in the figures in this work are available at https://figshare.com/s/283842c2a2a9a847e0bf. Raw sequencing data are available from NCBI (www.ncbi.nlm.nih.gov/geo/) under BioProject PRJNA717220.	high
doi:10.1093/femsyr/foaf058	10.1093/femsyr/foaf058	2025	PRJNA5295	BioProject	genome sequencing / resequencing	Saccharomyces cerevisiae / Escherichia coli [inferred from organism mentions across the paper, not from the quote]	ethanol_reference	Whole-genome sequencing was performed on the parental strain, sarving as the ancestral reference for the ALE experiments, as well as the evolved clones. This approach enabled the establishment of a precise baseline genotype for our specific parental lineage, allowing for robust variant analysis.The evolved clones were selected from different population samples by streaking glycerol stocks from the corresponding population samples on YPD plates. Three swabs from each clone (named E1–E4) were subsequently grown in YPD liquid medium. Total chromosomal DNA from parental strain, E1–E4 clones were extracted for sequencing after inoculation from glycerol stock and overnight culture in 2.5 mL of YPD	low
doi:10.1093/femsyr/foag004	10.1093/femsyr/foag004	2026	ERR5285363	ENA-run	amplicon/metagenome; genome sequencing / resequencing	Saccharomyces cerevisiae / Escherichia coli [inferred from organism mentions across the paper, not from the quote]	ethanol_reference	Saccharomyces cerevisiae ATCC 13007 [prototroph, pof + sta, diploid, European nucleotide archive (ENA browser) genome sequence #ERR5358805] and ATCC 9804 (GenBank: Z95939.1; ENA browser genome sequence #ERR5285363) wild-type strains were purchased from the Microbial Depository Centre of “Armbiotechnology” Scientific and Production Centre of National Academy of Sciences of RA. ATCC 9804 was isolated from palm wine (Hurley Jr. and Kenneth Eldon ), while ATCC 13007 was isolated from ale superattenuated Irish beer (Pedersen ) and exhibits extracellular glucoamylase activity (Favaro et al. ). Previously, it was shown, that strains isolated from wine and beer industrial environments have undergone	high
doi:10.1093/femsyr/foag004	10.1093/femsyr/foag004	2026	ERR5358805	ENA-run	amplicon/metagenome; genome sequencing / resequencing	Saccharomyces cerevisiae / Escherichia coli [inferred from organism mentions across the paper, not from the quote]	ethanol_reference	Saccharomyces cerevisiae ATCC 13007 [prototroph, pof + sta, diploid, European nucleotide archive (ENA browser) genome sequence #ERR5358805] and ATCC 9804 (GenBank: Z95939.1; ENA browser genome sequence #ERR5285363) wild-type strains were purchased from the Microbial Depository Centre of “Armbiotechnology” Scientific and Production Centre of National Academy of Sciences of RA. ATCC 9804 was isolated from palm wine (Hurley Jr. and Kenneth Eldon ), while ATCC 13007 was isolated from ale superattenuated Irish beer (Pedersen ) and exhibits extracellular glucoamylase activity (Favaro et al. ). Previously, it was shown, that strains isolated from wine and beer industrial environments have undergone	high
doi:10.1093/femsyr/fow006	10.1093/femsyr/fow006	2016	PRJNA286073	BioProject	not described in the declaring sentence | TABLE CELL: the accession sits in a table; the preceding cell reads: "Run"	Saccharomyces cerevisiae / Escherichia coli [inferred from organism mentions across the paper, not from the quote]	ethanol_reference	SRP059225 (PRJNA286073)	medium
doi:10.1093/femsyr/fow006	10.1093/femsyr/fow006	2016	SRP059225	SRA-study	not described in the declaring sentence | TABLE CELL: the accession sits in a table; the preceding cell reads: "Run"	Saccharomyces cerevisiae / Escherichia coli [inferred from organism mentions across the paper, not from the quote]	ethanol_reference	SRP059225 (PRJNA286073)	medium
doi:10.1093/femsyr/fow006	10.1093/femsyr/fow006	2016	SRR2054896	SRA-run	not described in the declaring sentence | TABLE CELL: the accession sits in a table; the preceding cell reads: "SRX1052287"	Saccharomyces cerevisiae / Escherichia coli [inferred from organism mentions across the paper, not from the quote]	ethanol_reference	SRR2054896	medium
doi:10.1093/femsyr/fow006	10.1093/femsyr/fow006	2016	SRR2054920	SRA-run	not described in the declaring sentence | TABLE CELL: the accession sits in a table; the preceding cell reads: "SRX1052288"	Saccharomyces cerevisiae / Escherichia coli [inferred from organism mentions across the paper, not from the quote]	ethanol_reference	SRR2054920	medium
doi:10.1093/femsyr/fow006	10.1093/femsyr/fow006	2016	SRR2054924	SRA-run	not described in the declaring sentence | TABLE CELL: the accession sits in a table; the preceding cell reads: "SRX1052300"	Saccharomyces cerevisiae / Escherichia coli [inferred from organism mentions across the paper, not from the quote]	ethanol_reference	SRR2054924	medium
doi:10.1093/femsyr/fow006	10.1093/femsyr/fow006	2016	SRR2054925	SRA-run	not described in the declaring sentence | TABLE CELL: the accession sits in a table; the preceding cell reads: "SRX1052303"	Saccharomyces cerevisiae / Escherichia coli [inferred from organism mentions across the paper, not from the quote]	ethanol_reference	SRR2054925	medium
doi:10.1093/femsyr/fow006	10.1093/femsyr/fow006	2016	SRR2054927	SRA-run	not described in the declaring sentence | TABLE CELL: the accession sits in a table; the preceding cell reads: "SRX1052304"	Saccharomyces cerevisiae / Escherichia coli [inferred from organism mentions across the paper, not from the quote]	ethanol_reference	SRR2054927	medium
doi:10.1093/femsyr/fow006	10.1093/femsyr/fow006	2016	SRR2058020	SRA-run	not described in the declaring sentence | TABLE CELL: the accession sits in a table; the preceding cell reads: "SRX1054833"	Saccharomyces cerevisiae / Escherichia coli [inferred from organism mentions across the paper, not from the quote]	ethanol_reference	SRR2058020	medium
doi:10.1093/femsyr/fow006	10.1093/femsyr/fow006	2016	SRS956298	SRA-sample	not described in the declaring sentence | TABLE CELL: the accession sits in a table; the preceding cell reads: "IMS456"	Saccharomyces cerevisiae / Escherichia coli [inferred from organism mentions across the paper, not from the quote]	ethanol_reference	SAMN03764509/SRS956298	medium
doi:10.1093/femsyr/fow006	10.1093/femsyr/fow006	2016	SRS956299	SRA-sample	not described in the declaring sentence | TABLE CELL: the accession sits in a table; the preceding cell reads: "IMS457"	Saccharomyces cerevisiae / Escherichia coli [inferred from organism mentions across the paper, not from the quote]	ethanol_reference	SAMN03764510/SRS956299	medium
doi:10.1093/femsyr/fow006	10.1093/femsyr/fow006	2016	SRS956304	SRA-sample	not described in the declaring sentence | TABLE CELL: the accession sits in a table; the preceding cell reads: "IMS458"	Saccharomyces cerevisiae / Escherichia coli [inferred from organism mentions across the paper, not from the quote]	ethanol_reference	SAMN03764514/SRS956304	medium
doi:10.1093/femsyr/fow006	10.1093/femsyr/fow006	2016	SRS956306	SRA-sample	not described in the declaring sentence | TABLE CELL: the accession sits in a table; the preceding cell reads: "IMS459"	Saccharomyces cerevisiae / Escherichia coli [inferred from organism mentions across the paper, not from the quote]	ethanol_reference	SAMN03764515/SRS956306	medium
doi:10.1093/femsyr/fow006	10.1093/femsyr/fow006	2016	SRS956307	SRA-sample	not described in the declaring sentence | TABLE CELL: the accession sits in a table; the preceding cell reads: "IMS460"	Saccharomyces cerevisiae / Escherichia coli [inferred from organism mentions across the paper, not from the quote]	ethanol_reference	SAMN03764516/SRS956307	medium
doi:10.1093/femsyr/fow006	10.1093/femsyr/fow006	2016	SRS957601	SRA-sample	not described in the declaring sentence | TABLE CELL: the accession sits in a table; the preceding cell reads: "IMK354"	Saccharomyces cerevisiae / Escherichia coli [inferred from organism mentions across the paper, not from the quote]	ethanol_reference	SAMN03766749/SRS957601	medium
doi:10.1093/femsyr/fow006	10.1093/femsyr/fow006	2016	SRX1052287	SRA-experiment	not described in the declaring sentence | TABLE CELL: the accession sits in a table; the preceding cell reads: "SAMN03764509/SRS956298"	Saccharomyces cerevisiae / Escherichia coli [inferred from organism mentions across the paper, not from the quote]	ethanol_reference	SRX1052287	medium
doi:10.1093/femsyr/fow006	10.1093/femsyr/fow006	2016	SRX1052288	SRA-experiment	not described in the declaring sentence | TABLE CELL: the accession sits in a table; the preceding cell reads: "SAMN03764510/SRS956299"	Saccharomyces cerevisiae / Escherichia coli [inferred from organism mentions across the paper, not from the quote]	ethanol_reference	SRX1052288	medium
doi:10.1093/femsyr/fow006	10.1093/femsyr/fow006	2016	SRX1052300	SRA-experiment	not described in the declaring sentence | TABLE CELL: the accession sits in a table; the preceding cell reads: "SAMN03764514/SRS956304"	Saccharomyces cerevisiae / Escherichia coli [inferred from organism mentions across the paper, not from the quote]	ethanol_reference	SRX1052300	medium
doi:10.1093/femsyr/fow006	10.1093/femsyr/fow006	2016	SRX1052303	SRA-experiment	not described in the declaring sentence | TABLE CELL: the accession sits in a table; the preceding cell reads: "SAMN03764515/SRS956306"	Saccharomyces cerevisiae / Escherichia coli [inferred from organism mentions across the paper, not from the quote]	ethanol_reference	SRX1052303	medium
doi:10.1093/femsyr/fow006	10.1093/femsyr/fow006	2016	SRX1052304	SRA-experiment	not described in the declaring sentence | TABLE CELL: the accession sits in a table; the preceding cell reads: "SAMN03764516/SRS956307"	Saccharomyces cerevisiae / Escherichia coli [inferred from organism mentions across the paper, not from the quote]	ethanol_reference	SRX1052304	medium
doi:10.1093/femsyr/fow006	10.1093/femsyr/fow006	2016	SRX1054833	SRA-experiment	not described in the declaring sentence | TABLE CELL: the accession sits in a table; the preceding cell reads: "SAMN03766749/SRS957601"	Saccharomyces cerevisiae / Escherichia coli [inferred from organism mentions across the paper, not from the quote]	ethanol_reference	SRX1054833	medium
doi:10.1093/femsyr/foy056	10.1093/femsyr/foy056	2018	PRJNA433919	BioProject	not described in the declaring sentence	Saccharomyces cerevisiae / Escherichia coli [inferred from organism mentions across the paper, not from the quote]	ethanol_reference	The genomic sequence of strains IMS0629 and IMS0634 have been deposited in Genbank (http://www.ncbi.nlm.nih.gov/), BioProject number PRJNA433919.	high
doi:10.1093/g3journal/jkae132	10.1093/g3journal/jkae132	2024	PRJNA1060729	BioProject	ChIP-seq; RNA-seq / transcriptome / expression array	Saccharomyces cerevisiae / Candida/Scheffersomyces [inferred from organism mentions across the paper, not from the quote]	ethanol_reference	Strains and plasmids are available upon request. RNA-seq data files are available as FASTQ files in the NCBI SRA database (accession no. PRJNA1060729). The 15 ChIP-seq samples are available as accession numbers SAMN39244125 through SAMN39244139.	high
doi:10.1093/g3journal/jkae148	10.1093/g3journal/jkae148	2024	PRJNA1101923	BioProject	genome sequencing / resequencing	Saccharomyces cerevisiae / Escherichia coli [inferred from organism mentions across the paper, not from the quote]	ethanol_reference	Sample preparation, sequencing, determination of copy number variation, and identification of SNPs and indels were performed as previously described (). Briefly, DNA was purified using a phenol-chloroform and ethanol precipitation methodology. This DNA was tagmented using a modified Illumina Tagmentation protocol (). Evolved clones were sequenced on an Illumina NextSeq 550 to an average coverage of 75× (range 10–178). Variants present in the ancestral strain YMD4612 (sequenced to 165×) were removed from consideration. Transposable element insertions were identified using McClintock v.2.0.0 (), filtered for nonancestral insertions, and inspected if they were identified by at least 3 component	low
doi:10.1093/gbe/evu199	10.1093/gbe/evu199	2014	GSE56441	GEO-series	not described in the declaring sentence; GEO accession implies expression data	Saccharomyces cerevisiae / Homo sapiens [inferred from organism mentions across the paper, not from the quote]	ethanol_reference	Array-based comparative genomic hybridization (aCGH) was performed in biological duplicate on CRB, LEP, and MUSH relative to a DBY8268 control as previously described (). Samples were labeled using amino-allyl dUTP (Ambion), Klenow exo-polymerase (New England Biolabs), and random hexamers, and coupled with cyanine dyes (Amersham). Samples were hybridized to custom 385K tiling arrays (NimbleGen) designed using chipD () on the composite S. cerevisiae genome described above. Arrays were hybridized in a NimbleGen hybridization system 12 (BioMicro) and scanned using a scanning laser (GenePix 4000B, Molecular Devices) according to NimbleGen protocols (http://www.nimblegen.com/, last accessed Septe	low
doi:10.1093/nar/gkaa1221	10.1093/nar/gkaa1221	2021	PRJNA639179	BioProject	ChIP-seq; RNA-seq / transcriptome / expression array	Saccharomyces cerevisiae / Mus musculus [inferred from organism mentions across the paper, not from the quote]	ethanol_reference	The ChIP-seq and RNA-seq data have been deposited in the NCBI Sequence Read Archive (SRA) under the accession numbers of BioProject ID PRJNA639179 (SRA accession numbers: SRR12006023-SRR12006028 and SRR12006035-SRR12006036 for ChIP seq, SRR12006021-SRR12006022 and SRR12006029-SRR12006036 for RNA-seq).	high
doi:10.1093/nar/gkaa1221	10.1093/nar/gkaa1221	2021	SRR12006021	SRA-run	ChIP-seq; RNA-seq / transcriptome / expression array	Saccharomyces cerevisiae / Mus musculus [inferred from organism mentions across the paper, not from the quote]	ethanol_reference	The ChIP-seq and RNA-seq data have been deposited in the NCBI Sequence Read Archive (SRA) under the accession numbers of BioProject ID PRJNA639179 (SRA accession numbers: SRR12006023-SRR12006028 and SRR12006035-SRR12006036 for ChIP seq, SRR12006021-SRR12006022 and SRR12006029-SRR12006036 for RNA-seq).	high
doi:10.1093/nar/gkaa1221	10.1093/nar/gkaa1221	2021	SRR12006022	SRA-run	ChIP-seq; RNA-seq / transcriptome / expression array	Saccharomyces cerevisiae / Mus musculus [inferred from organism mentions across the paper, not from the quote]	ethanol_reference	The ChIP-seq and RNA-seq data have been deposited in the NCBI Sequence Read Archive (SRA) under the accession numbers of BioProject ID PRJNA639179 (SRA accession numbers: SRR12006023-SRR12006028 and SRR12006035-SRR12006036 for ChIP seq, SRR12006021-SRR12006022 and SRR12006029-SRR12006036 for RNA-seq).	high
doi:10.1093/nar/gkaa1221	10.1093/nar/gkaa1221	2021	SRR12006023	SRA-run	ChIP-seq; RNA-seq / transcriptome / expression array	Saccharomyces cerevisiae / Mus musculus [inferred from organism mentions across the paper, not from the quote]	ethanol_reference	The ChIP-seq and RNA-seq data have been deposited in the NCBI Sequence Read Archive (SRA) under the accession numbers of BioProject ID PRJNA639179 (SRA accession numbers: SRR12006023-SRR12006028 and SRR12006035-SRR12006036 for ChIP seq, SRR12006021-SRR12006022 and SRR12006029-SRR12006036 for RNA-seq).	high
doi:10.1093/nar/gkaa1221	10.1093/nar/gkaa1221	2021	SRR12006028	SRA-run	ChIP-seq; RNA-seq / transcriptome / expression array	Saccharomyces cerevisiae / Mus musculus [inferred from organism mentions across the paper, not from the quote]	ethanol_reference	The ChIP-seq and RNA-seq data have been deposited in the NCBI Sequence Read Archive (SRA) under the accession numbers of BioProject ID PRJNA639179 (SRA accession numbers: SRR12006023-SRR12006028 and SRR12006035-SRR12006036 for ChIP seq, SRR12006021-SRR12006022 and SRR12006029-SRR12006036 for RNA-seq).	high
doi:10.1093/nar/gkaa1221	10.1093/nar/gkaa1221	2021	SRR12006029	SRA-run	ChIP-seq; RNA-seq / transcriptome / expression array	Saccharomyces cerevisiae / Mus musculus [inferred from organism mentions across the paper, not from the quote]	ethanol_reference	The ChIP-seq and RNA-seq data have been deposited in the NCBI Sequence Read Archive (SRA) under the accession numbers of BioProject ID PRJNA639179 (SRA accession numbers: SRR12006023-SRR12006028 and SRR12006035-SRR12006036 for ChIP seq, SRR12006021-SRR12006022 and SRR12006029-SRR12006036 for RNA-seq).	high
doi:10.1093/nar/gkaa1221	10.1093/nar/gkaa1221	2021	SRR12006035	SRA-run	ChIP-seq; RNA-seq / transcriptome / expression array	Saccharomyces cerevisiae / Mus musculus [inferred from organism mentions across the paper, not from the quote]	ethanol_reference	The ChIP-seq and RNA-seq data have been deposited in the NCBI Sequence Read Archive (SRA) under the accession numbers of BioProject ID PRJNA639179 (SRA accession numbers: SRR12006023-SRR12006028 and SRR12006035-SRR12006036 for ChIP seq, SRR12006021-SRR12006022 and SRR12006029-SRR12006036 for RNA-seq).	high
doi:10.1093/nar/gkaa1221	10.1093/nar/gkaa1221	2021	SRR12006036	SRA-run	ChIP-seq; RNA-seq / transcriptome / expression array	Saccharomyces cerevisiae / Mus musculus [inferred from organism mentions across the paper, not from the quote]	ethanol_reference	The ChIP-seq and RNA-seq data have been deposited in the NCBI Sequence Read Archive (SRA) under the accession numbers of BioProject ID PRJNA639179 (SRA accession numbers: SRR12006023-SRR12006028 and SRR12006035-SRR12006036 for ChIP seq, SRR12006021-SRR12006022 and SRR12006029-SRR12006036 for RNA-seq).	high
doi:10.1093/nar/gky014	10.1093/nar/gky014	2018	PRJNA398797	BioProject	genome sequencing / resequencing	Saccharomyces cerevisiae / Homo sapiens [inferred from organism mentions across the paper, not from the quote]	ethanol_reference	We produced one PacBio library using the SMRTbell™ Template Prep Kit version 1.0 according to manufacturer's instructions. In brief, we sheared 10 μg of genomic DNA per library into 20 kb fragments using the Megaruptor system, followed by an exo VII treatment, DNA damage repair, and end-repair before ligation of hairpin adaptors to generate a SMRTbell™ library for circular consensus sequencing. We then subjected the library to exo treatment and PB AMPure bead wash procedures for clean-up before it was size-selected with the BluePippin system with a cut-off value of 9000 bp. We used one SMRTcell™ to sequence the DNA library on the PacBio Sequel instrument using the Sequel 2.0 polymerase and 6	low
doi:10.1093/nar/gky014	10.1093/nar/gky014	2018	SRP116559	SRA-study	genome sequencing / resequencing	Saccharomyces cerevisiae / Homo sapiens [inferred from organism mentions across the paper, not from the quote]	ethanol_reference	We produced one PacBio library using the SMRTbell™ Template Prep Kit version 1.0 according to manufacturer's instructions. In brief, we sheared 10 μg of genomic DNA per library into 20 kb fragments using the Megaruptor system, followed by an exo VII treatment, DNA damage repair, and end-repair before ligation of hairpin adaptors to generate a SMRTbell™ library for circular consensus sequencing. We then subjected the library to exo treatment and PB AMPure bead wash procedures for clean-up before it was size-selected with the BluePippin system with a cut-off value of 9000 bp. We used one SMRTcell™ to sequence the DNA library on the PacBio Sequel instrument using the Sequel 2.0 polymerase and 6	low
doi:10.1099/mgen.0.000628	10.1099/mgen.0.000628	2021	PRJNA473074	BioProject	RNA-seq / transcriptome / expression array	Saccharomyces cerevisiae [inferred from organism mentions across the paper, not from the quote]	ethanol_reference	All sequencing data generated in this study are available in the National Center for Biotechnology Information under BioProject PRJNA604709 (genome) and PRJNA604708 (transcriptomic data). Genomic data that were obtained in previous studies and which are used in the present study can be downloaded from NCBI SRA accession numbers SRP148850 and PRJNA473074.	high
doi:10.1099/mgen.0.000628	10.1099/mgen.0.000628	2021	PRJNA604708	BioProject	RNA-seq / transcriptome / expression array; genome sequencing / resequencing	Saccharomyces cerevisiae [inferred from organism mentions across the paper, not from the quote]	ethanol_reference	Samples for RNA-sequencing (RNA-seq) were collected at two different time points: lag phase (which corresponded to 4 h of fermentation at both temperatures) and mid-exponential growth phase (which corresponded to 24 h of fermentation at 25 °C and 48 h of fermentation at 15 °C respectively) and were analysed as previously described []. Reads were sequenced using the Illumina Hiseq 2000, and paired-end reads of 75 bases long were generated and submitted to NCBI SRA (accession number PRJNA604708). These reads were quality-trimmed using sickle (length 50, quality 23) and aligned to the fasta reference using bowtie2. We used HTSeq-count [] with both annotated files and the mapping files ordered b	high
doi:10.1099/mgen.0.000628	10.1099/mgen.0.000628	2021	PRJNA604709	BioProject	genome sequencing / resequencing	Saccharomyces cerevisiae [inferred from organism mentions across the paper, not from the quote]	ethanol_reference	The sequenced reads of the H14A7 original hybrid and the genome assemblies and genome annotation files of BMV58 and AJ4 strains were available from previous work []. H14A7-etoh DNA was extracted according to Querol et al. [], and the sequencing library was prepared using the TruSeq DNA PCR-free kit, using sonication as the fragmentation method. Sequencing was performed using the Illumina Miseq system, with paired-end 250 bp reads and were deposited in NCBI (accession number PRJNA604709). These reads were trimmed and quality-filtered to a quality of 28 and a length of 180 using Sickle []. H14A7-etoh reads were mapped to the concatenated sequences assemblies of S. cerevisiae and S. uvarum pare	high
doi:10.1099/mgen.0.000628	10.1099/mgen.0.000628	2021	SRP148850	SRA-study	RNA-seq / transcriptome / expression array	Saccharomyces cerevisiae [inferred from organism mentions across the paper, not from the quote]	ethanol_reference	All sequencing data generated in this study are available in the National Center for Biotechnology Information under BioProject PRJNA604709 (genome) and PRJNA604708 (transcriptomic data). Genomic data that were obtained in previous studies and which are used in the present study can be downloaded from NCBI SRA accession numbers SRP148850 and PRJNA473074.	high
doi:10.1111/1751-7915.70244	10.1111/1751-7915.70244	2025	PRJNA1153811	BioProject	not described in the declaring sentence	Saccharomyces cerevisiae / Homo sapiens [inferred from organism mentions across the paper, not from the quote]	ethanol_reference	The data that support the findings of this study are available in BioProject NCBI at https://www.ncbi.nlm.nih.gov/bioproject/?term=PRJNA1153811, reference number PRJNA1153811. These data were derived from the following resources available in the public domain: NCBI database, https://www.ncbi.nlm.nih.gov/bioproject/?term=PRJNA1153811.	high
doi:10.1128/aem.00814-22	10.1128/aem.00814-22	2022	PRJNA473077	BioProject	not described in the declaring sentence	Saccharomyces cerevisiae / Candida/Scheffersomyces [inferred from organism mentions across the paper, not from the quote]	ethanol_reference	All sequence data have been submitted to the NCBI Sequence Read Archive (SRA) (http://trace.ncbi.nlm.nih.gov/Traces/sra/sra.cgi) with the identifier SRP148958 under Bioproject PRJNA473077.	high
doi:10.1128/aem.00814-22	10.1128/aem.00814-22	2022	SRP148958	SRA-study	not described in the declaring sentence	Saccharomyces cerevisiae / Candida/Scheffersomyces [inferred from organism mentions across the paper, not from the quote]	ethanol_reference	All sequence data have been submitted to the NCBI Sequence Read Archive (SRA) (http://trace.ncbi.nlm.nih.gov/Traces/sra/sra.cgi) with the identifier SRP148958 under Bioproject PRJNA473077.	high
doi:10.1128/aem.01678-24	10.1128/aem.01678-24	2025	PRJNA1150590	BioProject	not described in the declaring sentence	Yarrowia lipolytica / Saccharomyces cerevisiae [inferred from organism mentions across the paper, not from the quote]	ethanol_reference	The raw sequencing data are available in the NCBI Sequence Read Archive database under accession number PRJNA1150590.	high
doi:10.1128/aem.02294-17	10.1128/aem.02294-17	2018	GSE104654	GEO-series	RNA-seq / transcriptome / expression array	Saccharomyces cerevisiae / Komagataella/Pichia [inferred from organism mentions across the paper, not from the quote]	ethanol_reference	The RNA-seq data reported here have been deposited in NCBI's Gene Expression Omnibus () under accession number GSE104654. The submitted data include the RNA-seq fastq files, counts for the “full” and “duplicated” sets (both raw and normalized), and RPKM values for the duplicated genes.	high
doi:10.1128/mbio.01279-18	10.1128/mbio.01279-18	2018	PRJNA387678	BioProject	genome sequencing / resequencing	Saccharomyces cerevisiae / Homo sapiens [inferred from organism mentions across the paper, not from the quote]	ethanol_reference	The Illumina genome sequencing data of the s52 and i9 haploid segregants and the superior, inferior, and unselected pools obtained from the hybrids s52/i9 ATF1/ATF1 and s52/i9 atf1Δ/atf1Δ, respectively, will be available in the SRA database with the identifier SRP107919 (BioProject no. PRJNA387678).	high
doi:10.1128/mbio.01279-18	10.1128/mbio.01279-18	2018	SRP107919	SRA-study	genome sequencing / resequencing	Saccharomyces cerevisiae / Homo sapiens [inferred from organism mentions across the paper, not from the quote]	ethanol_reference	The Illumina genome sequencing data of the s52 and i9 haploid segregants and the superior, inferior, and unselected pools obtained from the hybrids s52/i9 ATF1/ATF1 and s52/i9 atf1Δ/atf1Δ, respectively, will be available in the SRA database with the identifier SRP107919 (BioProject no. PRJNA387678).	high
doi:10.1128/mbio.02743-20	10.1128/mbio.02743-20	2020	GSE147204	GEO-series	RNA-seq / transcriptome / expression array; proteomics	Saccharomyces cerevisiae / Komagataella/Pichia [inferred from organism mentions across the paper, not from the quote]	ethanol_reference	The RNA-seq raw data are available at Genome Expression Omnibus under accession number GSE147204 (). The mass spectrometry proteomics data have been deposited with the ProteomeXchange Consortium via the PRIDE () partner repository under the identifiers PXD012803 () for the iBAQ data set and PXD018116 () for the TMT-based relative quantification data set. Reasonable requests for supporting data are available from the corresponding author.	high
doi:10.1128/mbio.02743-20	10.1128/mbio.02743-20	2020	PXD012803	PRIDE-proteomics	RNA-seq / transcriptome / expression array; proteomics	Saccharomyces cerevisiae / Komagataella/Pichia [inferred from organism mentions across the paper, not from the quote]	ethanol_reference	The RNA-seq raw data are available at Genome Expression Omnibus under accession number GSE147204 (). The mass spectrometry proteomics data have been deposited with the ProteomeXchange Consortium via the PRIDE () partner repository under the identifiers PXD012803 () for the iBAQ data set and PXD018116 () for the TMT-based relative quantification data set. Reasonable requests for supporting data are available from the corresponding author.	high
doi:10.1128/mbio.02743-20	10.1128/mbio.02743-20	2020	PXD018116	PRIDE-proteomics	RNA-seq / transcriptome / expression array; proteomics	Saccharomyces cerevisiae / Komagataella/Pichia [inferred from organism mentions across the paper, not from the quote]	ethanol_reference	The RNA-seq raw data are available at Genome Expression Omnibus under accession number GSE147204 (). The mass spectrometry proteomics data have been deposited with the ProteomeXchange Consortium via the PRIDE () partner repository under the identifiers PXD012803 () for the iBAQ data set and PXD018116 () for the TMT-based relative quantification data set. Reasonable requests for supporting data are available from the corresponding author.	high
doi:10.1128/mbio.03649-20	10.1128/mbio.03649-20	2021	PRJNA575820	BioProject	proteomics; genome sequencing / resequencing	Saccharomyces cerevisiae / Kluyveromyces marxianus [inferred from organism mentions across the paper, not from the quote]	ethanol_reference	All sequence data have been submitted to the NCBI Sequence Read Archive (genome resequencing data, PRJNA575820). The mass spectrometry proteomics data have been deposited to the ProteomeXchange Consortium via the PRIDE () partner repository with the dataset identifier PXD024655.	high
doi:10.1128/mbio.03649-20	10.1128/mbio.03649-20	2021	PXD024655	PRIDE-proteomics	proteomics; genome sequencing / resequencing	Saccharomyces cerevisiae / Kluyveromyces marxianus [inferred from organism mentions across the paper, not from the quote]	ethanol_reference	All sequence data have been submitted to the NCBI Sequence Read Archive (genome resequencing data, PRJNA575820). The mass spectrometry proteomics data have been deposited to the ProteomeXchange Consortium via the PRIDE () partner repository with the dataset identifier PXD024655.	high
doi:10.1128/mcb.00560-21	10.1128/mcb.00560-21	2022	SRR1568238	SRA-run	genome sequencing / resequencing	Saccharomyces cerevisiae / Escherichia coli [inferred from organism mentions across the paper, not from the quote]	ethanol_reference	The gDNA of MS164 and ER18A was extracted with the MasterPure yeast DNA purification kit (Epicentre) and sent to the Beijing Genomics Institute (BGI; Hong Kong) for whole-genome sequence analysis. A library of 125 paired-end reads with an average insert length of 500 bp was generated with the Illumina HiSeq2500 platform. Reads of strain K11 were obtained from NCBI (accession no. SRR1568238). All reads were mapped against the S288c reference genome (version R64-2-1; SGD) with bowtie2, using parameters -I 0 -X 600 -a -t. Variant detection was performed with NGSEP (), using parameters -maxBaseQS 30 -minQuality 40 -maxAlnsPerStartPos 2. Repetitive regions were masked using Tandem Repeats Finder	high
doi:10.1128/msystems.00827-25	10.1128/msystems.00827-25	2025	PRJNA1150416	BioProject	not described in the declaring sentence	Saccharomyces cerevisiae [inferred from organism mentions across the paper, not from the quote]	ethanol_reference	Raw sequence data are available under BioProject ID PRJNA1150416, and the analysis is available at https://doi.org/10.5281/zenodo.16876800.	high
doi:10.1128/spectrum.01216-23	10.1128/spectrum.01216-23	2023	GSE132128	GEO-series	RNA-seq / transcriptome / expression array; genome sequencing / resequencing	Saccharomyces cerevisiae / Homo sapiens [inferred from organism mentions across the paper, not from the quote]	ethanol_reference	All microarray data in this study are available at the GEO database (https://www.ncbi.nlm.nih.gov/geo) under accession numbers GSE132128 (whole-genome arrays) and GSE210078 (chromosome IV-specific arrays). Raw data from Illumina whole-genome sequencing have been deposited in the SRA database (https://www.ncbi.nlm.nih.gov/sra) under BioProject accession number PRJNA416056.	high
doi:10.1128/spectrum.01216-23	10.1128/spectrum.01216-23	2023	GSE210078	GEO-series	RNA-seq / transcriptome / expression array; genome sequencing / resequencing	Saccharomyces cerevisiae / Homo sapiens [inferred from organism mentions across the paper, not from the quote]	ethanol_reference	All microarray data in this study are available at the GEO database (https://www.ncbi.nlm.nih.gov/geo) under accession numbers GSE132128 (whole-genome arrays) and GSE210078 (chromosome IV-specific arrays). Raw data from Illumina whole-genome sequencing have been deposited in the SRA database (https://www.ncbi.nlm.nih.gov/sra) under BioProject accession number PRJNA416056.	high
doi:10.1128/spectrum.01216-23	10.1128/spectrum.01216-23	2023	PRJNA416056	BioProject	RNA-seq / transcriptome / expression array; genome sequencing / resequencing	Saccharomyces cerevisiae / Homo sapiens [inferred from organism mentions across the paper, not from the quote]	ethanol_reference	All microarray data in this study are available at the GEO database (https://www.ncbi.nlm.nih.gov/geo) under accession numbers GSE132128 (whole-genome arrays) and GSE210078 (chromosome IV-specific arrays). Raw data from Illumina whole-genome sequencing have been deposited in the SRA database (https://www.ncbi.nlm.nih.gov/sra) under BioProject accession number PRJNA416056.	high
doi:10.1128/spectrum.01372-25	10.1128/spectrum.01372-25	2026	PRJNA1298289	BioProject	not described in the declaring sentence	Homo sapiens / Komagataella/Pichia [inferred from organism mentions across the paper, not from the quote]	ethanol_reference	All data produced in this paper are deposited at the NCBI database under the project number PRJNA1298289 (Biosample accessions: SAMN50284729: FBL175; SAMN50263805: FBL181; SAMN50284730: FBL167).	high
doi:10.1128/spectrum.03519-22	10.1128/spectrum.03519-22	2023	PRJNA473087	BioProject	RNA-seq / transcriptome / expression array	Saccharomyces cerevisiae / Yarrowia lipolytica [inferred from organism mentions across the paper, not from the quote]	ethanol_reference	For transcriptomic analysis, a volume of cells was harvested from the fermentation broth of each biological triplicate at three time points: during the growth phase (T1; 92 h and 11.75 h at 25°C and 12°C, respectively), at the end of the growth phase (T2; 100.25 h and 167.25 h at 25°C and 12°C, respectively), and early stationary phase (T3; 115 h and 260 h at 25°C and 12°C, respectively). The broth volume was rapidly collected from the reactor, transferred to a polypropylene tube, and centrifuged (4,000 rpm, 5 min, 4°C) to pellet cells. The supernatant was discarded, and the tube was flash-frozen in liquid nitrogen and stored at −80°C until total RNA extraction. Total RNA was extracted using	low
doi:10.1128/spectrum.03632-25	10.1128/spectrum.03632-25	2026	PRJNA1345352	BioProject	genome sequencing / resequencing	Saccharomyces cerevisiae / Candida/Scheffersomyces [inferred from organism mentions across the paper, not from the quote]	ethanol_reference	The raw data of whole genome sequencing of S. cerevisiae isolates were deposited in the SRA database with the accession number PRJNA1345352.	high
doi:10.1186/1471-2164-12-201	10.1186/1471-2164-12-201	2011	E-MTAB-112	ArrayExpress	not described in the declaring sentence	Saccharomyces cerevisiae / Homo sapiens [inferred from organism mentions across the paper, not from the quote]	ethanol_reference	Hybridizations were carried out as previously described [], using a common reference design with dye-swap replicates. Total RNA obtained from strain S288C grown to mid exponential growth phase in MS300 medium was used as the reference sample. Four self-self hybridizations were performed using the common reference sample for control of experimental background. The raw data and the pre-processed data from a total of 88 hybridizations were submitted to the ArrayExpress Database and can be accessed using the code E-MTAB-112.	high
doi:10.1186/1471-2164-12-218	10.1186/1471-2164-12-218	2011	E-MEXP-2742	ArrayExpress	RNA-seq / transcriptome / expression array	Saccharomyces cerevisiae / Komagataella/Pichia [inferred from organism mentions across the paper, not from the quote]	ethanol_reference	The P. pastoris specific DNA microarrays used in this study were produced on the Agilent platform (Agilent Technologies) and established by Graf et al. []. The transcriptome analysis for S. cerevisiae was carried out with Agilent Yeast Gene Expression Microarrays, 4 × 44K. For both yeast species, RNA extraction, cDNA synthesis and labeling, as well as the microarray hybridizations and data analysis were performed as reported in previous studies [,]. All samples were labeled in a dye-swap manner and hybridized against a reference cDNA, which was generated from a pool of cells (either P. pastoris or S. cerevisiae) grown under different culture conditions. Microarray data are available in the A	low
doi:10.1186/1471-2164-12-218	10.1186/1471-2164-12-218	2011	E-MEXP-3134	ArrayExpress	RNA-seq / transcriptome / expression array	Saccharomyces cerevisiae / Komagataella/Pichia [inferred from organism mentions across the paper, not from the quote]	ethanol_reference	The P. pastoris specific DNA microarrays used in this study were produced on the Agilent platform (Agilent Technologies) and established by Graf et al. []. The transcriptome analysis for S. cerevisiae was carried out with Agilent Yeast Gene Expression Microarrays, 4 × 44K. For both yeast species, RNA extraction, cDNA synthesis and labeling, as well as the microarray hybridizations and data analysis were performed as reported in previous studies [,]. All samples were labeled in a dye-swap manner and hybridized against a reference cDNA, which was generated from a pool of cells (either P. pastoris or S. cerevisiae) grown under different culture conditions. Microarray data are available in the A	low
doi:10.1186/1471-2164-13-479	10.1186/1471-2164-13-479	2012	GSE31601	GEO-series	genome sequencing / resequencing	Saccharomyces cerevisiae / Aspergillus [inferred from organism mentions across the paper, not from the quote]	ethanol_reference	The total RNA of each sample (three individual cultures of yeast cells) was extracted by the hot phenol method (growth conditions and time of extraction were identical to those used in the physiological factor analysis). cDNA libraries were prepared using the methods described by Pan and co-workers []. The cDNA library products were sequenced on the Illumina HiSeq™ 2000. The raw Illumina sequencing data have been deposited in NCBI’s GEO database [GEO:GSE31601]. After removing reads containing sequencing adapters and reads of low quality (reads in which the percentage of low quality bases (quality value ≤5) was more than 50%), the remaining clear reads were aligned to the S. cerevisiae S288c	high
doi:10.1186/1471-2164-13-479	10.1186/1471-2164-13-479	2012	GSE31872	GEO-series	RNA-seq / transcriptome / expression array; genome sequencing / resequencing	Saccharomyces cerevisiae / Aspergillus [inferred from organism mentions across the paper, not from the quote]	ethanol_reference	Total genomic DNA from BYZ1 and YJS329 was isolated with the yeast DNA kit (OMEGA, GA, USA) and then sonicated. The shearing DNA (200–1000 bp) was labeled with Cy5/Cy3 and hybridized to S. cerevisiae CGH 385 K Whole-Genome Tiling Arrays (NimbleGen). Scanning was performed with the Axon GenePix 4000B Microarray Scanner (Axon, USA). Raw data were extracted as pair files using NimbleScan software. Log2-ratio data were calculated and normalized by spatial correction and qspline fit normalization. DNA segments that contained three or more continuous probes with CNVs (|Log2-ratio| ≥0.35) were considered over- or under-represented regions. The microarray data have been deposited in the NCBI Gene Ex	low
doi:10.1186/1475-2859-10-27	10.1186/1475-2859-10-27	2011	GSE24645	GEO-series	RNA-seq / transcriptome / expression array	Saccharomyces cerevisiae / Aspergillus [inferred from organism mentions across the paper, not from the quote]	ethanol_reference	In order to select genes whose expression levels were related to the experimental factors, Two-Way Analysis Of Variance (ANOVA) was performed. The 2×2 experimental design comprises two main factors ('wort type' and 'protease supplementation'), each having two levels ('glucose wort/maltose wort' and 'protease supplemented/protease non-supplemented'). The Two-Way ANOVA model was fitted in order to identify significantly changed gene expression levels with respect to the two above mentioned factors, as well as, the interaction term ('wort type*protease supplementation'). The P-value was corrected for multiple testing by applying the False Discovery Rate (FDR) methodology [] and genes were selec	low
doi:10.1186/1475-2859-10-27	10.1186/1475-2859-10-27	2011	GSM607733	GEO-sample	RNA-seq / transcriptome / expression array	Saccharomyces cerevisiae / Aspergillus [inferred from organism mentions across the paper, not from the quote]	ethanol_reference	In order to select genes whose expression levels were related to the experimental factors, Two-Way Analysis Of Variance (ANOVA) was performed. The 2×2 experimental design comprises two main factors ('wort type' and 'protease supplementation'), each having two levels ('glucose wort/maltose wort' and 'protease supplemented/protease non-supplemented'). The Two-Way ANOVA model was fitted in order to identify significantly changed gene expression levels with respect to the two above mentioned factors, as well as, the interaction term ('wort type*protease supplementation'). The P-value was corrected for multiple testing by applying the False Discovery Rate (FDR) methodology [] and genes were selec	low
doi:10.1186/1475-2859-10-27	10.1186/1475-2859-10-27	2011	GSM607740	GEO-sample	RNA-seq / transcriptome / expression array	Saccharomyces cerevisiae / Aspergillus [inferred from organism mentions across the paper, not from the quote]	ethanol_reference	In order to select genes whose expression levels were related to the experimental factors, Two-Way Analysis Of Variance (ANOVA) was performed. The 2×2 experimental design comprises two main factors ('wort type' and 'protease supplementation'), each having two levels ('glucose wort/maltose wort' and 'protease supplemented/protease non-supplemented'). The Two-Way ANOVA model was fitted in order to identify significantly changed gene expression levels with respect to the two above mentioned factors, as well as, the interaction term ('wort type*protease supplementation'). The P-value was corrected for multiple testing by applying the False Discovery Rate (FDR) methodology [] and genes were selec	low
doi:10.1186/1754-6834-5-75	10.1186/1754-6834-5-75	2012	GSE39558	GEO-series	not described in the declaring sentence; GEO accession implies expression data	Zymomonas mobilis / Escherichia coli [inferred from organism mentions across the paper, not from the quote]	ethanol_reference	http://www.ncbi.nlm.nih.gov/geo/) database with the accession number of GSE39558 so interested parties can conduct their analyses (Please see Additional file	high
doi:10.1186/s12864-015-1737-4	10.1186/s12864-015-1737-4	2015	SRR2002842	SRA-run	genome sequencing / resequencing	Saccharomyces cerevisiae / Schizosaccharomyces pombe [inferred from organism mentions across the paper, not from the quote]	ethanol_reference	The genomes of the Ethanol Red (ER) and ISO12 yeast strains were sequenced using the Illumina Next Generation Sequencing (NGS) platform. This resulted in 15M and 12M reads for ER and ISO12 (NCBI Sequence Read Archive: SRR2002842 and SRR2002960), both displaying a median PHRED score of 38 (corresponding to a 0.02 % base call error rate []). The reads were mapped to the S. cerevisiae S288c reference genome (average coverage: ER 185×; ISO12 153×) and the sequence variants relative to the reference strain were detected for both strains. Furthermore, the reads were also used to de novo assemble the genomic sequences of ER and ISO12 in order to assess the effect of the adaptation in genomic materi	high
doi:10.1186/s12864-015-1737-4	10.1186/s12864-015-1737-4	2015	SRR2002960	SRA-run	genome sequencing / resequencing	Saccharomyces cerevisiae / Schizosaccharomyces pombe [inferred from organism mentions across the paper, not from the quote]	ethanol_reference	The genomes of the Ethanol Red (ER) and ISO12 yeast strains were sequenced using the Illumina Next Generation Sequencing (NGS) platform. This resulted in 15M and 12M reads for ER and ISO12 (NCBI Sequence Read Archive: SRR2002842 and SRR2002960), both displaying a median PHRED score of 38 (corresponding to a 0.02 % base call error rate []). The reads were mapped to the S. cerevisiae S288c reference genome (average coverage: ER 185×; ISO12 153×) and the sequence variants relative to the reference strain were detected for both strains. Furthermore, the reads were also used to de novo assemble the genomic sequences of ER and ISO12 in order to assess the effect of the adaptation in genomic materi	high
doi:10.1186/s12864-019-5959-8	10.1186/s12864-019-5959-8	2019	PRJNA419624	BioProject	RNA-seq / transcriptome / expression array; genome sequencing / resequencing	Saccharomyces cerevisiae [inferred from organism mentions across the paper, not from the quote]	ethanol_reference	Whole genome sequences of strains B-1A and G-4A were obtained by using Illumina pair-end sequencing. Briefly, genomic DNA was extracted from a saturated culture of 100 ml under anaerobic condition (YPD) using the genomic tip-100 kit (Qiagen, Courtaboeuf, FRANCE). Paired-end Illumina sequencing libraries were prepared from sonicated genomic DNA according to manufacturer protocols (Genomic DNA Sample Preparation) and were realized by the Genomic and Transcriptomic Facility of Bordeaux, FRANCE. Sequencing was performed on Illumina Genome Analyzer IIx (Illumina, Palo Alto, CA) with a read length of 54 bp. Raw reads data have been deposited in the SRA at NCBI with the accession number PRJNA419624	high
doi:10.1186/s12896-025-01074-1	10.1186/s12896-025-01074-1	2025	ERR5285363	ENA-run	genome sequencing / resequencing	Saccharomyces cerevisiae / Escherichia coli [inferred from organism mentions across the paper, not from the quote]	ethanol_reference	S. cerevisiae ATCC 13,007 (prototroph, pof + sta, diploid, European nucleotide archive (ENA browser) genome sequence code: ERR5358805) and ATCC 9804 (GenBank: Z95939.1; ENA browser genome sequence code: ERR5285363) wild-type strains used in the study were purchased from Microbial Depository Center of “Armbiotechnology” Scientific and Production Center of National Academy of Sciences of RA. Strains selection for this study was based on their biotechnological usage: S. cerevisiae ATCC 9804 strain was isolated from palm wine [], while S. cerevisiae ATCC 13,007 strain from ale super-attenuated Irish beer [] and was found to exhibit extracellular glucoamylase activity []. Thus, both strains are p	high
doi:10.1186/s12896-025-01074-1	10.1186/s12896-025-01074-1	2025	ERR5358805	ENA-run	genome sequencing / resequencing	Saccharomyces cerevisiae / Escherichia coli [inferred from organism mentions across the paper, not from the quote]	ethanol_reference	S. cerevisiae ATCC 13,007 (prototroph, pof + sta, diploid, European nucleotide archive (ENA browser) genome sequence code: ERR5358805) and ATCC 9804 (GenBank: Z95939.1; ENA browser genome sequence code: ERR5285363) wild-type strains used in the study were purchased from Microbial Depository Center of “Armbiotechnology” Scientific and Production Center of National Academy of Sciences of RA. Strains selection for this study was based on their biotechnological usage: S. cerevisiae ATCC 9804 strain was isolated from palm wine [], while S. cerevisiae ATCC 13,007 strain from ale super-attenuated Irish beer [] and was found to exhibit extracellular glucoamylase activity []. Thus, both strains are p	high
doi:10.1186/s12918-014-0090-6	10.1186/s12918-014-0090-6	2014	E-MTAB-2415	ArrayExpress	not described in the declaring sentence	Saccharomyces cerevisiae / Homo sapiens [inferred from organism mentions across the paper, not from the quote]	ethanol_reference	First-strand cDNA was synthesized and then converted into a double-stranded DNA initially from 100 ng of total RNA using GeneChip® 3’ IVT Express Kit (Affymetrix Inc., USA). This double stranded cDNA was used as a template for in vitro transcription and synthesis of biotin-labelled aRNA. The final product was purified and quantified using the Nanodrop spectrophotometer before fragmentation. The purification and fragmentation steps were carried out using GeneChip reagents. Fragmented aRNA was evaluated using Agilent 2100 Bioanalyzer (Agilent Technologies, Germany). Affymetrix Yeast 2.0 arrays were prepared for hybridization using the reagents supplied in the GeneChip® Hybridization, Wash, and	low
doi:10.1186/s12918-018-0542-5	10.1186/s12918-018-0542-5	2018	GSE29046	GEO-series	RNA-seq / transcriptome / expression array	Yarrowia lipolytica / Saccharomyces cerevisiae [inferred from organism mentions across the paper, not from the quote]	ethanol_reference	Since optimality assumption based FBA algorithms ignores the regulatory consideration while strain designing, we implemented transcriptomics-based strain optimization tool (tSOT) [] to identify metabolic engineering targets based on transcriptomic data integrated in the model. A comprehensive time-course transcriptomic profile from the culture of Y. lipolytica, during a controlled fed-batch on glucose, was used as transcriptomic data obtained from Gene Expression Omnibus (GEO) database using accession number GSE29046 [].	high
doi:10.1186/s12934-021-01594-3	10.1186/s12934-021-01594-3	2021	PRJNA699459	BioProject	genome sequencing / resequencing	Saccharomyces cerevisiae / Escherichia coli [inferred from organism mentions across the paper, not from the quote]	ethanol_reference	Genomic DNA was extracted using the MasterPure Yeast DNA purification kit (Epicentre, Lucigen). Strains TN5 (Samplen220) and TN6-1 (Samplen221) were sent to BGI (China) for next-generation sequencing with Illumina (HiSeq2500) using a 500 bp insert library and pair-end reads of 125 bp. Strains TN6-2 (Samplen267), TN6-3 (Samplen268), TN6-4 (Samplen269) and TN6-5 (Samplen270) were sent to Eurofins Genomics (Germany) for next-generation sequencing with Illumina (HiSeq2500) using a 500 bp insert library and pair-end reads of 150 bp. The reads were mapped against the S288c reference genome (R64-2,1; SGD) using bowtie 2 []. Coverage of the TN5 and the different TN6 strains was determined using samt	low
doi:10.1186/s12934-022-01974-3	10.1186/s12934-022-01974-3	2022	GSE210964	GEO-series	RNA-seq / transcriptome / expression array	Saccharomyces cerevisiae / Schizosaccharomyces pombe [inferred from organism mentions across the paper, not from the quote]	ethanol_reference	Microarray analysis was performed using the 7G Affymetrix GeneChip® Yeast Genome 2.0 Array. The isolated total RNA was cleaned up with the RNeasy Kit (Qiagen, Hilden, Germany); 100 ng of total RNA was used for complementary DNA (cDNA) synthesis and to produce biotin-tagged complementary RNA (cRNA) with the GeneChip IVT Labeling Kit (Affymetrix, Santa Clara, CA). A total of 15 μg of fragmented cRNA, together with control oligo B2 and eukaryotic hybridization controls, was hybridized to each GeneChip array at 45 °C for 16 h (Affymetrix GeneChipHybridization Oven 640) according to the manufacturer’s instructions. After hybridization, the GeneChip arrays were washed, stained with streptavidin ph	low
doi:10.1186/s12934-025-02663-7	10.1186/s12934-025-02663-7	2025	PRJNA1114950	BioProject	genome sequencing / resequencing	Saccharomyces cerevisiae / Homo sapiens [inferred from organism mentions across the paper, not from the quote]	ethanol_reference	Fermentation broth was collected at multiple time points during continuous fermentation, each corresponding to different ethanol concentrations. Three individual samples taken from the same point served as replicates. Following centrifugation at 5,000 rpm for 2 min, the cells were used for RNA extraction using the Yeast RNA Kit (Omega, USA). The quality and concentration of the total RNA were measured using a Nanodrop 2000 (Thermo Scientific, USA) and a 2100 Bioanalyzer (Agilent, USA). High-throughput RNA sequencing analysis was conducted using the Illumina Novaseq 6000 platform by Shanghai Majorbio Technology Co., Ltd. Approximately 6 GB of clean data per sample was used for conducting the	low
doi:10.1186/s12934-025-02764-3	10.1186/s12934-025-02764-3	2025	PRJNA1237772	BioProject	amplicon/metagenome	Saccharomyces cerevisiae / Yarrowia lipolytica [inferred from organism mentions across the paper, not from the quote]	ethanol_reference	The raw sequencing data have been deposited in SRA under the accession number PRJNA1237772. All data generated or analyzed during this study are included in this published article and its additional files.	high
doi:10.1186/s13068-015-0421-x	10.1186/s13068-015-0421-x	2016	PRJNA275385	BioProject	not described in the declaring sentence	Saccharomyces cerevisiae / Escherichia coli [inferred from organism mentions across the paper, not from the quote]	ethanol_reference	All sequence data have been deposited in the Sequence Read Archive (SRA) at the National Center for Biotechnology Information (NCBI) under the BioProject ID PRJNA275385 with accession number SRP055002.	high
doi:10.1186/s13068-015-0421-x	10.1186/s13068-015-0421-x	2016	SRP055002	SRA-study	not described in the declaring sentence	Saccharomyces cerevisiae / Escherichia coli [inferred from organism mentions across the paper, not from the quote]	ethanol_reference	All sequence data have been deposited in the Sequence Read Archive (SRA) at the National Center for Biotechnology Information (NCBI) under the BioProject ID PRJNA275385 with accession number SRP055002.	high
doi:10.1186/s13068-016-0536-8	10.1186/s13068-016-0536-8	2016	SRP070696	SRA-study	genome sequencing / resequencing	Escherichia coli / Clostridium spp. [inferred from organism mentions across the paper, not from the quote]	ethanol_reference	Genome sequence data are available from the Joint Genome Institute under accession numbers SRA234880, SRA233073, and SRP070696.	high
doi:10.1186/s13068-016-0583-1	10.1186/s13068-016-0583-1	2016	PRJNA313456	BioProject	genome sequencing / resequencing	Saccharomyces cerevisiae / Candida/Scheffersomyces [inferred from organism mentions across the paper, not from the quote]	ethanol_reference	Genomic DNA of the strains CEN.PK113-7D, HAT1E, HAT2A, MUT1A, MUT2B, MUT3E and UV-E3 was prepared as described previously []. Libraries of 300-bp inserts were constructed and paired-end sequenced (101 base pair reads) using an Illumina HISeq 2500 sequencer (Baseclear BV, Leiden, The Netherlands). A minimum data quantity of 1 GB was generated for each strain, representing a minimum 83-fold average coverage. Sequence reads of each strain were mapped onto the CEN.PK113-7D genome [] using the Burrows–Wheeler Alignment tool (BWA) and further processed using SAMtools [–]. Single-nucleotide variations were determined using SAMtools’ varFilter. Default settings were used, except that the maximum rea	low
doi:10.1186/s13068-016-0583-1	10.1186/s13068-016-0583-1	2016	SRP070976	SRA-study	genome sequencing / resequencing	Saccharomyces cerevisiae / Candida/Scheffersomyces [inferred from organism mentions across the paper, not from the quote]	ethanol_reference	Genomic DNA of the strains CEN.PK113-7D, HAT1E, HAT2A, MUT1A, MUT2B, MUT3E and UV-E3 was prepared as described previously []. Libraries of 300-bp inserts were constructed and paired-end sequenced (101 base pair reads) using an Illumina HISeq 2500 sequencer (Baseclear BV, Leiden, The Netherlands). A minimum data quantity of 1 GB was generated for each strain, representing a minimum 83-fold average coverage. Sequence reads of each strain were mapped onto the CEN.PK113-7D genome [] using the Burrows–Wheeler Alignment tool (BWA) and further processed using SAMtools [–]. Single-nucleotide variations were determined using SAMtools’ varFilter. Default settings were used, except that the maximum rea	low
doi:10.1186/s13068-017-0763-7	10.1186/s13068-017-0763-7	2017	SRP090190	SRA-study	genome sequencing / resequencing	Saccharomyces cerevisiae / Escherichia coli [inferred from organism mentions across the paper, not from the quote]	ethanol_reference	Paired-end Illumina HiSeq2000 platform 2 × 100 reads were generated (Additional file ). Reads were demultiplexed, and adapters were removed using Trimmomatic [], with parameters: 2:30:10 TRAILING:3 MINLEN:25. Species genome contributions to the ancestral and evolved synthetic hybrids were estimated as described previously [] using genome assemblies of S. cerevisiae, S. mikatae, and S. kudriavzevii downloaded from www.saccharomycessensustricto.org []. Illumina reads were deposited in the SRA public database of NCBI under BioProject accession number SRP090190. Mitochondrial inheritance was assessed by assembling the synthetic hybrid genomes using SPAdes [] as implemented in the wrapper iWGS v1	high
doi:10.1186/s13068-017-0806-0	10.1186/s13068-017-0806-0	2017	GSE77853	GEO-series	amplicon/metagenome; RNA-seq / transcriptome / expression array	Saccharomyces cerevisiae / Escherichia coli [inferred from organism mentions across the paper, not from the quote]	ethanol_reference	Genome-wide DNA microarray assay was carried out to quantify global transcription changes in M1. The mRNAs from M1 and the control were extracted after 12 h VHG fermentation when M1 ethanol productivity was at its peak. Among the 6256 genes tested, 369 genes were observed with differential expression (>twofold, p value <0.05) in M1, including 144 genes up-regulated and 225 genes down-regulated. All raw data are available from Gene Expression Omnibus (GEO, http://www.ncbi.nlm.nih.gov/geo/), with the accession number of GSE77853.	high
doi:10.1186/s13068-017-1001-z	10.1186/s13068-017-1001-z	2018	PRJNA415562	BioProject	not described in the declaring sentence	Saccharomyces cerevisiae / Escherichia coli [inferred from organism mentions across the paper, not from the quote]	ethanol_reference	The genomic sequence of strain IMX774 has been deposited in Genbank (http://www.ncbi.nlm.nih.gov/), BioProject Number PRJNA415562.	high
doi:10.1186/s13068-021-02005-w	10.1186/s13068-021-02005-w	2021	GSE160256	GEO-series	RNA-seq / transcriptome / expression array; genome sequencing / resequencing	Saccharomyces cerevisiae / Homo sapiens [inferred from organism mentions across the paper, not from the quote]	ethanol_reference	RNA extraction and sequencing libraries were prepared and sequenced on the Illumina platform using 150-bp paired-end sequencing by Hangzhou Lianchuan Biological Information Technology Co., Ltd. (Hangzhou, China). The sequencing data have been deposited in the Gene Expression Omnibus database (GEO, http://www.ncbi.nlm.nih.gov/geo/) under the accession number GSE160256. Differential gene expression (DEG) in comparisons of the SPT15 mutant strains versus the wild-type strain BY4741 at each culture condition was analyzed as previously described []. Significantly differentially expressed genes (SDEGs) in each comparison were then extracted by applying an absolute fold-change threshold of 2.0 or g	high
doi:10.1186/s13068-021-02079-6	10.1186/s13068-021-02079-6	2021	PRJNA755995	BioProject	not described in the declaring sentence	Saccharomyces cerevisiae / Escherichia coli [inferred from organism mentions across the paper, not from the quote]	ethanol_reference	The complete dataset of DNA-seq reads have been deposited in SRA under accession number PRJNA755995.	high
doi:10.1186/s13068-022-02109-x	10.1186/s13068-022-02109-x	2022	PRJNA642097	BioProject	RNA-seq / transcriptome / expression array	Saccharomyces cerevisiae / Kluyveromyces marxianus [inferred from organism mentions across the paper, not from the quote]	ethanol_reference	Difference in gene expression levels of one gene between KF-7 and E-158 was quantified by an index, log2FC, representing the logarithm to base 2 of the ratio of the RNA reads number of the gene in E158 to that in KF7. If∣log2FC∣ ≥ 1 and P < 0.05, the expression of the related gene was defined to significantly change. These analyses were performed on the online platform called Majorbio Cloud Platform (www.majorbio.com). The shared DEGs under five stress conditions were visualized by Venn-diagram (http://jvenn.toulouse.inra.fr/app/example.html). Gene Ontology (GO) enrichment of the shared DEGs was carried out with online tools developed by Princeton University (http://go.princeton.edu/cgi-bin/	low
doi:10.1186/s13068-022-02121-1	10.1186/s13068-022-02121-1	2022	PRJNA718744	BioProject	not described in the declaring sentence	Saccharomyces cerevisiae / Schizosaccharomyces pombe [inferred from organism mentions across the paper, not from the quote]	ethanol_reference	The next generation sequencing data files have been deposited in Sequence Read Archive (SRA) of the NCBI under the accession no. PRJNA718744 and can be accessed using the following link: https://www.ncbi.nlm.nih.gov/bioproject/PRJNA718744.	high
doi:10.1186/s13068-022-02200-3	10.1186/s13068-022-02200-3	2022	PRJNA818459	BioProject	not described in the declaring sentence	Saccharomyces cerevisiae / Escherichia coli [inferred from organism mentions across the paper, not from the quote]	ethanol_reference	DNA sequencing data of the Saccharomyces cerevisiae strains IMX1489, IMX2506 and evolved population of evolution line 1 (deposited as IMS1232) and evolution line 2 (deposited as IMS1233) were deposited at NCBI under BioProject accession number PRJNA818459. All measurement data used to prepare Fig. , Tables and , Fig. , Figure S2 and Tables S2 and S3 of the manuscript are available in Additional file , Additional file , Additional file and Additional file , respectively.	high
doi:10.1186/s13068-023-02329-9	10.1186/s13068-023-02329-9	2023	GSE221392	GEO-series	RNA-seq / transcriptome / expression array	Saccharomyces cerevisiae / Escherichia coli [inferred from organism mentions across the paper, not from the quote]	ethanol_reference	Short read DNA sequencing data of the Saccharomyces cerevisiae strains IMX2288, IMX2593, IMX2701 and IMX2736 and long read DNA sequencing data of the Saccharomyces cerevisiae strains IMX1489 and IMX2608 were deposited at NCBI under BioProject accession number PRJNA906461. Transcriptomics datasets of IMX1489 and IME324 of anaerobic steady state C-limited chemostat cultures at 0.05 h−1, 0.1 h−1 and 0.25 h−1 and N-limited chemostat cultures at 0.1 h−1 were uploaded to GEO under accession number GSE221392. All measurement data used to prepare Figs. , , and , Tables , and of the manuscript are available in Additional files , , , and .	high
doi:10.1186/s13068-023-02329-9	10.1186/s13068-023-02329-9	2023	PRJNA906461	BioProject	RNA-seq / transcriptome / expression array	Saccharomyces cerevisiae / Escherichia coli [inferred from organism mentions across the paper, not from the quote]	ethanol_reference	Short read DNA sequencing data of the Saccharomyces cerevisiae strains IMX2288, IMX2593, IMX2701 and IMX2736 and long read DNA sequencing data of the Saccharomyces cerevisiae strains IMX1489 and IMX2608 were deposited at NCBI under BioProject accession number PRJNA906461. Transcriptomics datasets of IMX1489 and IME324 of anaerobic steady state C-limited chemostat cultures at 0.05 h−1, 0.1 h−1 and 0.25 h−1 and N-limited chemostat cultures at 0.1 h−1 were uploaded to GEO under accession number GSE221392. All measurement data used to prepare Figs. , , and , Tables , and of the manuscript are available in Additional files , , , and .	high
doi:10.1186/s13068-024-02503-7	10.1186/s13068-024-02503-7	2024	PRJNA1026594	BioProject	genome sequencing / resequencing	Saccharomyces cerevisiae / Escherichia coli [inferred from organism mentions across the paper, not from the quote]	ethanol_reference	The evolved clones P1c–P4c were grown in liquid YPS until saturation. The sampled cellular mass from each clone was transferred into a lysis buffer (DNeasy® Plant Mini Kit, QIAGEN), and cells were disrupted by 1.5-min vortexing (Beadbeater, BioSpec) in the presence of zirconia beads. Genomic DNA was extracted from the lysate using the DNeasy® Plant Mini Kit (QIAGEN) following the manufacturer’s protocol. The isolated DNAs were fragmented using the NEBNext dsDNA Fragmentase (New England BioLabs), and paired-end libraries were constructed according to the Illumina TruSeq DNA PCR-Free Low Throughput Library Prep Kit (Illumina). The four paired-end libraries were quantified by qPCR using the KAP	low
doi:10.1186/s13068-024-02518-0	10.1186/s13068-024-02518-0	2024	GSE254308	GEO-series	not described in the declaring sentence; GEO accession implies expression data	Saccharomyces cerevisiae / Aspergillus [inferred from organism mentions across the paper, not from the quote]	ethanol_reference	Reads containing adapter sequences, containing poly-N, or low quality reads were removed from raw data (raw reads in fastq format) using Trimmomatic []. The quality-scores and GC content were then calculated using FastQC []. The genome of Rhodotorula toruloides IST536 was used as reference. Index of the reference genome (IST536) was built and paired-end clean reads were aligned using HISAT2 v2.2.0 []. Read counts that mapped to each gene were calculated using featureCounts from the Subread package v2.0.4 []. Differential expression analysis was performed using the DESeq2 R package v1.42.0 []. The p-values were adjusted using the Benjamini and Hochberg method. Corrected p-values of 0.05 and a	low
doi:10.1186/s13068-024-02518-0	10.1186/s13068-024-02518-0	2024	PRJEB71109	BioProject	not described in the declaring sentence	Saccharomyces cerevisiae / Aspergillus [inferred from organism mentions across the paper, not from the quote]	ethanol_reference	Genomes were assembled using SPAdes v3.15 [] with default settings. Coverage-versus-length (CVL) plots [] were used to assess contaminants, resulting in the discard of scaffolds with coverage below 4x and length below 500 bp. The resulting assemblies were used as input for Redundans v2.0.1 [] with default settings to generate an artificially reduced assembly by correcting for heterozygous regions and remove redundant contigs. The assembly completeness was estimated using Benchmarking Universal Single-Copy Orthologue (BUSCO)v5 tool with the Basidiomycota database [], and assembly quality was analysed using Quality Assessment Tool for Genome Assemblies (QUAST) v5.2.0 []. Genome size, ploidy an	low
doi:10.1186/s13068-024-02585-3	10.1186/s13068-024-02585-3	2024	PRJDB11630	BioProject	genome sequencing / resequencing	Saccharomyces cerevisiae / Candida/Scheffersomyces [inferred from organism mentions across the paper, not from the quote]	ethanol_reference	Genomic DNA was isolated from culture samples containing approximately 7.0∙109 cells with the Qiagen 100/G kit (Qiagen, Hilden, Germany), according to manufacturer’s instructions. Genomic DNA of C. jadinii CBS 621 was sequenced in-house on an Illumina MiSeq sequencer (Illumina, San Diego, CA) to obtain a paired-end library with an insert-size of 550 bp and 300 bp read length using TruSeq Nano DNA library preparation, yielding 6.4 Gb of genomic DNA sequence. C. jadinii CBS 5947 was sequenced at Macrogen on an Illumina NovaSeq sequencer to obtain a paired-end library with an insert-size of 550 bp and 151 bp read length using TruSeq DNA PCR-free library preparation, yielding 3.5 Gb of genomic D	low
doi:10.1186/s13068-024-02585-3	10.1186/s13068-024-02585-3	2024	PRJNA1153750	BioProject	genome sequencing / resequencing	Saccharomyces cerevisiae / Candida/Scheffersomyces [inferred from organism mentions across the paper, not from the quote]	ethanol_reference	Genomic DNA was isolated from culture samples containing approximately 7.0∙109 cells with the Qiagen 100/G kit (Qiagen, Hilden, Germany), according to manufacturer’s instructions. Genomic DNA of C. jadinii CBS 621 was sequenced in-house on an Illumina MiSeq sequencer (Illumina, San Diego, CA) to obtain a paired-end library with an insert-size of 550 bp and 300 bp read length using TruSeq Nano DNA library preparation, yielding 6.4 Gb of genomic DNA sequence. C. jadinii CBS 5947 was sequenced at Macrogen on an Illumina NovaSeq sequencer to obtain a paired-end library with an insert-size of 550 bp and 151 bp read length using TruSeq DNA PCR-free library preparation, yielding 3.5 Gb of genomic D	low
doi:10.1186/s13068-026-02748-4	10.1186/s13068-026-02748-4	2026	PRJNA1304602	BioProject	genome sequencing / resequencing	Saccharomyces cerevisiae / Escherichia coli [inferred from organism mentions across the paper, not from the quote]	ethanol_reference	To sequence the final populations recovered from each ReMaSSing experiment, as well as the parental strain S288C, genomic DNA was extracted using a modified protocol from Lõoke et al. (2011) [] (Additional File : Supplementary Methods). DNA quantification was performed with a Qubit fluorometer, and quality was assessed by 0.9% agarose gel electrophoresis. After quality verification, at least 2 μg of each sample was dried in a SpeedVac and sent for sequencing (GenOne, Soluções em Biotecnologia, Rio de Janeiro, Brazil). Libraries were prepared using the NEBNext® Ultra™ II DNA Library Prep Kit (New England BioLabs, Ipswich, MA, USA), and 2 × 150 bp paired-end sequencing (Q30 > 85%) was performe	low
doi:10.1186/s13568-016-0223-y	10.1186/s13568-016-0223-y	2016	GSE80748	GEO-series	RNA-seq / transcriptome / expression array	Saccharomyces cerevisiae / Candida/Scheffersomyces [inferred from organism mentions across the paper, not from the quote]	ethanol_reference	Microarray analysis was performed using the 7G Affymetrix GeneChip® Yeast Genome 2.0 Array (CapitalBio Tec., Beijing). The isolated total RNA was cleaned up with RNeasy Kit (Qiagen, Germany). 100 ng of total RNA was used for cDNA synthesis and produce biotin-tagged cRNA with GeneChip IVT Labeling kit (Affymetrix). 15 µg fragmented cRNA, together with contol oligo B2 and eukaryotic hybridization controls, was hybridized to each GeneChip array at 45 °C for 16 h (Affymetrix GeneChipHybridization Oven 640) according to manufacturer’s instructions. After hybridization, the GeneChip arrays were washed, stained with streptavidin phycoerythrinonan (SAPE) with Affymetrix Fluidics Station 450, and the	low
doi:10.1186/s13568-018-0693-1	10.1186/s13568-018-0693-1	2018	SRP150532	SRA-study	RNA-seq / transcriptome / expression array	Saccharomyces cerevisiae / Candida/Scheffersomyces [inferred from organism mentions across the paper, not from the quote]	ethanol_reference	The reads were mapped to the C. tropicalis genome (accession number GCA_000006335.3, 2017/10/29) using HISAT2 (Kim et al. ) with default parameters. Read counts per million were generated using BEDTools Intersect v 2.25.0 (Quilan and Nall ) with default parameters, based on genome annotations. The differential gene expression analysis (C8/P8 vs. C0/P0) was performed using the DeSeq 2 package (Love et al. ). Genes with a false discovery rate (FDR) < 0.01 and log2 fold-change of 1 were considered to be differentially expressed. Gene ontology (GO) terms corresponding to C. tropicalis genes were obtained from the UniProt database, and an in-house Python v 3.5 script was used to determine the fre	low
doi:10.1371/journal.pcbi.1005728	10.1371/journal.pcbi.1005728	2017	GSE42528	GEO-series	RNA-seq / transcriptome / expression array; proteomics	Saccharomyces cerevisiae / Escherichia coli [inferred from organism mentions across the paper, not from the quote]	ethanol_reference	Microarray datasets from Kemmeren et. al. [] (available from the GEO database, Accession No. GSE42528), were used to calculate correlation coefficients among the 532 out of 535 metabolic proteins we sampled. Rest of the three proteins were not measured in these microarray experiments. This microarray data is well-suited for our study because it was produced using an almost identical strain of yeast, BY4742 which has same deletions but different mating type, and under similar growth conditions as that used in the proteomics study we rely on []. Absolute fluorescence values for the sample channel of the two-channel microarrays were used; because almost all of the genes evaluated had two probes	high
doi:10.1371/journal.pgen.1000942	10.1371/journal.pgen.1000942	2010	GSE19121	GEO-series	RNA-seq / transcriptome / expression array	Saccharomyces cerevisiae / Escherichia coli [inferred from organism mentions across the paper, not from the quote]	ethanol_reference	To analyze gene expression, cultures were pre-grown to saturation in YP with 2% glucose and diluted 1∶50 into a 1.1L culture of minimal medium with 2% xylose or no carbon source. 100mL samples were collected starting immediately after inoculation (t = 0) and at subsequent 8 hour intervals for 72 hours by filtering with 0.45µm analytical test filter funnels (Nalgene) and were snap frozen in liquid nitrogen. RNA was extracted using a modified version of the hot phenol protocol, as described , . A pooled reference sample was created by combining 350ng of each of the 120 RNA samples (10 time points for 6 strains in 2 conditions). 325ng of each total RNA sample and reference were labeled with Cy	low
doi:10.1371/journal.pgen.1000942	10.1371/journal.pgen.1000942	2010	SRP001391	SRA-study	genome sequencing / resequencing	Saccharomyces cerevisiae / Escherichia coli [inferred from organism mentions across the paper, not from the quote]	ethanol_reference	The same pools of genomic DNA were used for BSA by sequencing. 5µg of genomic DNA were prepared for sequencing using the Illumina Genomic DNA Sample Kit. Flow cells were prepared using the Illumina Standard Cluster Generation Kit v2, and samples were sequenced on the Illumina Genome Analyzer II. GAII data were analyzed with the Illumina 1.3.2 pipeline, and reads (with qualities) were aligned to the S288c genome with MAQ v0.7.1 using default parameters. Reads from the positive pools that did not align to the reference genome were combined, and reads that contained any uncalled bases (“N”> = 1) were removed from further analysis. De novo assembly was performed on this filtered set of un-mapped	low
doi:10.1371/journal.pgen.1005635	10.1371/journal.pgen.1005635	2015	PRJNA292495	BioProject	not described in the declaring sentence	Saccharomyces cerevisiae / Escherichia coli [inferred from organism mentions across the paper, not from the quote]	ethanol_reference	All sequencing data are available from the NCBI Sequence Read Archive: Bioproject, accession number PRJNA292495.	high
doi:10.1371/journal.pgen.1007217	10.1371/journal.pgen.1007217	2018	PRJEB24747	BioProject	genome sequencing / resequencing	Saccharomyces cerevisiae / Homo sapiens [inferred from organism mentions across the paper, not from the quote]	ethanol_reference	We obtained publicly available whole genome sequencing reads from Saccharomyces cerevisiae sequencing projects [, , , ]. Sequencing reads were mapped to reference genome S288C (NC_001133, version 64 []) using bwa-mem [] with default settings. Single nucleotide polymorphisms (SNPs) were identified using GATK [] Unified Genotyper, analyzing all the strains together to increase detection power. GATK pipeline included base quality score calibration, indel realignment, duplicate removal, and depth coverage analysis. Default parameters were used except for -mbq 25 to reduce false positives. Variants were filtered using GATK suggested criteria: QD < 2, FS > 60, MQ < 40. A dataset with high quality	low
doi:10.1371/journal.pgen.1009826	10.1371/journal.pgen.1009826	2021	PRJNA699755	BioProject	amplicon/metagenome; genome sequencing / resequencing	Saccharomyces cerevisiae / Escherichia coli [inferred from organism mentions across the paper, not from the quote]	ethanol_reference	All relevant data are within the manuscript and its files. All data have been stored on dedicated computers at KU Leuven. All data are fully available without restriction. The genome sequencing data have been deposited with links to BioProject accession number PRJNA699755 in the NCBI BioProject database (https://www.ncbi.nlm.nih.gov/bioproject/).	high
doi:10.1371/journal.pone.0341927	10.1371/journal.pone.0341927	2026	PRJNA1308275	BioProject	RNA-seq / transcriptome / expression array	Saccharomyces cerevisiae / Candida/Scheffersomyces [inferred from organism mentions across the paper, not from the quote]	ethanol_reference	All relevant data are available from the NCBI Sequence Read Archive (SRA) under BioProject accession number PRJNA1308275 (https://www.ncbi.nlm.nih.gov/bioproject/PRJNA1308275). The dataset includes nine RNA-seq samples of Saccharomyces cerevisiae strain F2C7A under different carbon source conditions (XYL_R1–R3, GLUC_R1–R3, XYLGLU_R1–R3).	high
doi:10.1534/g3.116.029389	10.1534/g3.116.029389	2016	PRJNA279877	BioProject	proteomics; genome sequencing / resequencing	Saccharomyces cerevisiae / Bacillus subtilis [inferred from organism mentions across the paper, not from the quote]	ethanol_reference	This Whole Genome Shotgun project has been deposited at DDBJ/EMBL/GenBank under the accession LBMA00000000. The version described in this paper is version LBMA01000000. All DNA and RNA sequencing reads have been deposited in the NCBI SRA under BioProject PRJNA279877. Raw files for mass spectrometry data from these experiments are available on Chorus (https://chorusproject.org/pages/index.html, Project ID 999). Strains are available upon request. The authors state that all data necessary for confirming the conclusions presented in the article are represented fully within the article.	high
doi:10.1534/g3.120.401149	10.1534/g3.120.401149	2020	PRJNA604588	BioProject	not described in the declaring sentence	Saccharomyces cerevisiae / Homo sapiens [inferred from organism mentions across the paper, not from the quote]	ethanol_reference	Raw short and long (basecalled, demultiplexed) sequencing reads and the genome assembly are available at NCBI (PRJNA604588). Code to analyze the data and plot the figures is available at https://github.com/Landrylab/Fijarczyk2020_JeanTalon. Description of strains used in the growth assay is in Table S1. Table S2 contains metadata of strains mapped and genotyped in this study. Estimates of divergence time between Jean-Talon and related beer strains are in Table S3. File S1 contains code used to analyze the data and plot the figures. VCF file with SNPs of the Jean-Talon and strains from the Fay et al. dataset is in File S2. VCF file with SNPs of the Jean-Talon and strains from the 1000 yeast d	high
doi:10.3389/fbioe.2020.00129	10.3389/fbioe.2020.00129	2020	PRJNA473074	BioProject	not described in the declaring sentence	Saccharomyces cerevisiae [inferred from organism mentions across the paper, not from the quote]	ethanol_reference	Cell samples were collected at two different fermentation time points: at the lag phase (4 h) and at the mid-exponential growth phase (24 h at 25°C and 48 h at 15°C respectively). Cells were harvested by centrifugation and then stored at −80°C. Total RNA was extracted following a protocol based on an initial step of washing with DEPC-treated water and subsequent treatments with phenol-Tris, phenol-chloroform (5:1) and chloroform-isoamyl alcohol (24:1), and finally, a first precipitation with LiCl, and a second with sodium acetate and ethanol. After RNA extraction, we combined equal proportions of RNAs from the two parental strains in the same sample to reduce the number of libraries to seque	low
doi:10.3389/fbioe.2020.00129	10.3389/fbioe.2020.00129	2020	SRP148850	SRA-study	genome sequencing / resequencing	Saccharomyces cerevisiae [inferred from organism mentions across the paper, not from the quote]	ethanol_reference	Total DNA from the artificial hybrid strain and from the S. cerevisiae parental strain AJ4 were extracted according to and sequenced using the Illumina Miseq system, with paired-end reads of 250 bp (NCBI accession number SRP148850). The genome of Velluto BMV58TM, the other parental strain, was already sequenced, assembled, and annotated in a previous study from our lab (Macías et al., in preparation).	high
doi:10.3389/fbioe.2021.799756	10.3389/fbioe.2021.799756	2021	PRJNA732519	BioProject	not described in the declaring sentence	Kluyveromyces marxianus / Saccharomyces cerevisiae [inferred from organism mentions across the paper, not from the quote]	ethanol_reference	The original contributions presented in the study are publicly available. This data can be found here: https://www.ncbi.nlm.nih.gov/bioproject/PRJNA732519.	high
doi:10.3389/fbioe.2022.837813	10.3389/fbioe.2022.837813	2022	PXD015459	PRIDE-proteomics	proteomics	Saccharomyces cerevisiae [inferred from organism mentions across the paper, not from the quote]	ethanol_reference	The mass spectrometry proteomics data have been deposited to the PRIDE Archive (http://www.ebi.ac.uk/pride/archive/) via the PRIDE partner repository with the data set identifier PXD015459.	high
doi:10.3389/fgene.2018.00602	10.3389/fgene.2018.00602	2018	GSE84767	GEO-series	RNA-seq / transcriptome / expression array	Mus musculus / Saccharomyces cerevisiae [inferred from organism mentions across the paper, not from the quote]	ethanol_reference	The BXD RI mouse strains were derived by crossing the parental strains B6 and D2. The F1 progeny were subsequently intercrossed followed by inbreeding to fix parental genotypes at each locus. The BXD mice are a densely phenotyped and genotyped family and have been used as a genetic reference panel for identifying the genetic basis of phenotypes and diseases, including molecular expression phenotypes, as well as for identifying pathways regulating gene expression. For this study, the dataset of Hippocampus Consortium M430v2 (Jun06) RMA that we generated previously () was used for genetic mapping, transcript measurement of which was taken from the hippocampus of 67 BXD strains, the parental B6	low
doi:10.3389/fgene.2019.00782	10.3389/fgene.2019.00782	2019	SRP082524	SRA-study	genome sequencing / resequencing	Saccharomyces cerevisiae [inferred from organism mentions across the paper, not from the quote]	ethanol_reference	A detailed description of the strategy adopted to construct the inbred strain collection is described in Results section. Genome sequencing data associated with this study is available in the Sequence Read Archive (SRA) database under study number SRP082524 and described previously ().	high
doi:10.3389/fgene.2019.00998	10.3389/fgene.2019.00998	2019	PRJNA428852	BioProject	genome sequencing / resequencing	Saccharomyces cerevisiae / Sus scrofa (pig) [inferred from organism mentions across the paper, not from the quote]	ethanol_reference	The whole genome sequencing data have been deposited to SRA at NCBI PRJNA428852.	high
doi:10.3389/fgene.2020.00518	10.3389/fgene.2020.00518	2020	PRJNA522669	BioProject	genome sequencing / resequencing	Saccharomyces cerevisiae / Escherichia coli [inferred from organism mentions across the paper, not from the quote]	ethanol_reference	More than 3 Gb of data per strain representing a minimum of 50-fold coverage of the aneuploid genome of the S. pastorianus were generated. Sequence reads of each strain were mapped onto S. pastorianus CBS 1483 sequence [genome PRJNA522669, ()] using the Burrows–Wheeler Alignment tool (BWA) and further processed using SAMtools (, ). Single-nucleotide variations and indels were determined using Pilon () based on the BWA.bam output file. The Pilon results file.vcf was visualized using the Integrative Genomics Viewer IGV4. All Illumina sequencing data are available at NCBI under the bioproject accession number PRJNA522669 and PRJNA612191. Prediction of chromosome copy number was performed using	high
doi:10.3389/fgene.2020.00518	10.3389/fgene.2020.00518	2020	PRJNA612191	BioProject	genome sequencing / resequencing	Saccharomyces cerevisiae / Escherichia coli [inferred from organism mentions across the paper, not from the quote]	ethanol_reference	More than 3 Gb of data per strain representing a minimum of 50-fold coverage of the aneuploid genome of the S. pastorianus were generated. Sequence reads of each strain were mapped onto S. pastorianus CBS 1483 sequence [genome PRJNA522669, ()] using the Burrows–Wheeler Alignment tool (BWA) and further processed using SAMtools (, ). Single-nucleotide variations and indels were determined using Pilon () based on the BWA.bam output file. The Pilon results file.vcf was visualized using the Integrative Genomics Viewer IGV4. All Illumina sequencing data are available at NCBI under the bioproject accession number PRJNA522669 and PRJNA612191. Prediction of chromosome copy number was performed using	high
doi:10.3389/fmicb.2017.01690	10.3389/fmicb.2017.01690	2017	PRJNA266750	BioProject	not described in the declaring sentence	Saccharomyces cerevisiae / Escherichia coli [inferred from organism mentions across the paper, not from the quote]	ethanol_reference	The raw sequencing data of strains IMSS0493, IMS0495 and IMS0508 are searchable at NCBI Entrez (http://www.ncbi.nlm.nih.gov/) under BioProject number PRJNA393253. The data of the parental strain CBS1483 can be found in BioProject PRJNA266750 (accession number SRP049726) (van den Broek et al., ).	high
doi:10.3389/fmicb.2017.01690	10.3389/fmicb.2017.01690	2017	PRJNA393253	BioProject	not described in the declaring sentence	Saccharomyces cerevisiae / Escherichia coli [inferred from organism mentions across the paper, not from the quote]	ethanol_reference	The raw sequencing data of strains IMSS0493, IMS0495 and IMS0508 are searchable at NCBI Entrez (http://www.ncbi.nlm.nih.gov/) under BioProject number PRJNA393253. The data of the parental strain CBS1483 can be found in BioProject PRJNA266750 (accession number SRP049726) (van den Broek et al., ).	high
doi:10.3389/fmicb.2017.01690	10.3389/fmicb.2017.01690	2017	SRP049726	SRA-study	not described in the declaring sentence	Saccharomyces cerevisiae / Escherichia coli [inferred from organism mentions across the paper, not from the quote]	ethanol_reference	The raw sequencing data of strains IMSS0493, IMS0495 and IMS0508 are searchable at NCBI Entrez (http://www.ncbi.nlm.nih.gov/) under BioProject number PRJNA393253. The data of the parental strain CBS1483 can be found in BioProject PRJNA266750 (accession number SRP049726) (van den Broek et al., ).	high
doi:10.3389/fmicb.2017.02609	10.3389/fmicb.2017.02609	2017	SRR5452526	SRA-run	genome sequencing / resequencing	Saccharomyces cerevisiae [inferred from organism mentions across the paper, not from the quote]	ethanol_reference	The Z. bailii MT15 genome was sequenced using the whole-genome shotgun sequencing approach on an Illumina Miseq platform (Quail et al., ). Four paired-end/mate-paired sequencing libraries were constructed with insert sizes of 450, 700 bp, 3, and 8 kb. The de novo assembler Newbler and SSPACE software packages were employed to assemble raw data into contigs and scaffolds (Boetzer et al., ; Nederbragt, ). The GapCloser program was used to close gaps (Boetzer and Pirovano, ). The genome sequence of Z. bailii MT15 was deposited in GenBank under the Whole Genome Shotgun project number SRR5452526.	high
doi:10.3389/fmicb.2018.02110	10.3389/fmicb.2018.02110	2018	SRP139301	SRA-study	not described in the declaring sentence	Saccharomyces cerevisiae / Escherichia coli [inferred from organism mentions across the paper, not from the quote]	ethanol_reference	All sequence data have been deposited in the Sequence Read Archive (SRA) at the National Center for Biotechnology Information (NCBI), http://www.ncbi.nlm.nih.gov/sra, with the account number SRP139301.	high
doi:10.3389/fmicb.2018.02253	10.3389/fmicb.2018.02253	2018	PRJNA230139	BioProject	not described in the declaring sentence	Saccharomyces cerevisiae / Homo sapiens [inferred from organism mentions across the paper, not from the quote]	ethanol_reference	Single nucleotide polymorphism (SNP) analysis of the aligned sequencing reads of the Muri strain revealed 48983 and 26439 SNPs in the haploid S. cerevisiae and S. uvarum sub-genomes, respectively, compared to the reference genomes. Allele frequency distributions of the SNPs suggest a single allele at each site, supporting the flow cytometry results of two haploid sub-genomes (Supplementary Figure ). Consensus sequences of both sub-genomes were then produced from these SNPs (regions where coverage was below 10× were excluded). In order to identify S. cerevisiae and S. uvarum strains closely related to the parent strains of the Muri hybrid, we performed multiple sequence alignment, SNP identif	low
doi:10.3389/fmicb.2018.02253	10.3389/fmicb.2018.02253	2018	PRJNA323691	BioProject	not described in the declaring sentence	Saccharomyces cerevisiae / Homo sapiens [inferred from organism mentions across the paper, not from the quote]	ethanol_reference	Prior to phylogenetic analysis, consensus genotypes of the S. cerevisiae and S. uvarum sub-genomes of the Muri strain were called from the identified variants using BCFtools (). Regions where the sequencing coverage was below 10 were excluded from the consensus genotypes. Genome assemblies of the 157 S. cerevisiae strains described in Gallone et al. () were retrieved from NCBI (BioProject PRJNA323691). Consensus genotypes of 61 S. uvarum and hybrid strains described in were kindly provided by José Paulo Sampaio. Multiple sequence alignment of the consensus genotype of the S. cerevisiae sub-genome of Muri and the 157 S. cerevisiae assemblies was performed with the NASP pipeline () using S. ce	medium
doi:10.3389/fmicb.2018.02253	10.3389/fmicb.2018.02253	2018	PRJNA475668	BioProject	genome sequencing / resequencing	Saccharomyces cerevisiae / Homo sapiens [inferred from organism mentions across the paper, not from the quote]	ethanol_reference	The “Muri” strain was sequenced by Biomedicum Genomics (Helsinki, Finland). In brief, DNA was initially isolated using Qiagen 100/G Genomic tips (Qiagen, Netherlands), after which an Illumina TruSeq LT paired-end 150 bp library was prepared for each strain and sequencing was carried out with a NextSeq500 instrument. Paired-end reads from the NextSeq500 sequencing were quality-analyzed with FastQC () and trimmed and filtered with Cutadapt (). Reads were aligned to a concatenated reference genome of S. cerevisiae S288C (R64-2-1), S. eubayanus FM1318 () and S. uvarum CBS7001 () using SpeedSeq (). Quality of alignments was assessed with QualiMap (). Variant analysis was performed on aligned read	low
doi:10.3389/fmicb.2018.02253	10.3389/fmicb.2018.02253	2018	SRR1119163	SRA-run	not described in the declaring sentence	Saccharomyces cerevisiae / Homo sapiens [inferred from organism mentions across the paper, not from the quote]	ethanol_reference	While the de novo hybrids performed similarly to Muri, there were differences in their performances, particularly during the low-temperature wort fermentations (Figure ). Interestingly, despite growing well at 4 and 12°C, the de novo hybrids fermented wort slowly at 12°C. Furthermore, slight variation between the four de novo hybrids was also observed. Hybrid 13C, for example, was the only of the de novo hybrids which used maltotriose as efficiently as the A241 parent strain (Figure ). We detected 23953 and 1490 heterozygous variants in the S. cerevisiae A241 (sequencing reads obtained from NCBI-SRA SRR5688171) and S. uvarum C995 (sequencing reads obtained from NCBI-SRA SRR1119163) parent st	medium
doi:10.3389/fmicb.2018.02253	10.3389/fmicb.2018.02253	2018	SRR5688171	SRA-run	not described in the declaring sentence	Saccharomyces cerevisiae / Homo sapiens [inferred from organism mentions across the paper, not from the quote]	ethanol_reference	While the de novo hybrids performed similarly to Muri, there were differences in their performances, particularly during the low-temperature wort fermentations (Figure ). Interestingly, despite growing well at 4 and 12°C, the de novo hybrids fermented wort slowly at 12°C. Furthermore, slight variation between the four de novo hybrids was also observed. Hybrid 13C, for example, was the only of the de novo hybrids which used maltotriose as efficiently as the A241 parent strain (Figure ). We detected 23953 and 1490 heterozygous variants in the S. cerevisiae A241 (sequencing reads obtained from NCBI-SRA SRR5688171) and S. uvarum C995 (sequencing reads obtained from NCBI-SRA SRR1119163) parent st	medium
doi:10.3389/fmicb.2021.644089	10.3389/fmicb.2021.644089	2021	PRJEB31792	BioProject	genome sequencing / resequencing	Saccharomyces cerevisiae / Homo sapiens [inferred from organism mentions across the paper, not from the quote]	ethanol_reference	We assembled the H3 and H4 genomes independently using CLC Genomics Workbench version 8.0.1 (Qiagen), incorporating the Microbial Genome Finishing Module. For each haploid sample, a four-step progressive assembly approach was adopted which included in-depth visual inspection and manual curation of each phase of the process. First, Illumina reads were assembled using CLC de novo assembler (a de Bruijn graph algorithm), resulting in 384 and 416 contigs for H3 and H4, respectively. Second, the assembled contigs were aligned and super-scaffolded against the chromosomal-scale genome sequences of the model reference S. cerevisiae S288C using BLASTN (), as implemented in the “contig aligner tool” o	low
doi:10.3389/fmicb.2021.679894	10.3389/fmicb.2021.679894	2021	PRJNA529215	BioProject	not described in the declaring sentence	Saccharomyces cerevisiae / Candida/Scheffersomyces [inferred from organism mentions across the paper, not from the quote]	ethanol_reference	The holotype (CRUB 1602H) is permanently maintained in a metabolically inactive state at the Centro Regional Universitario Bariloche Yeast Culture Collection, Argentina, and the type strain was deposited in the same collection (CRUB 1602T), in the ARS Culture Collection, National Center for Agricultural Utilization Research, IL, United States (NRRL Y-63759T), in the Portuguese Yeast Culture Collection, Caparica, Portugal (PYCC 7263T), and in the Collection of Industrial Microorganisms, Slovenia (ZIM 2538T). The strain CRUB 1602T was isolated from Cyttaria hariotii stromata infecting Nothofagus antarctica in December 2006. The Mycobank number is MB839330. The BioProject number for raw genome	low
doi:10.3389/fmicb.2022.855666	10.3389/fmicb.2022.855666	2022	PRJNA687834	BioProject	genome sequencing / resequencing	Saccharomyces cerevisiae / Homo sapiens [inferred from organism mentions across the paper, not from the quote]	ethanol_reference	The complete genome sequence of the O. polymorpha HU-11/CBS4732 is available at the NCBI GenBank database under the accession number CP073033-40, in the project PRJNA687834.	high
doi:10.3389/fmicb.2022.855666	10.3389/fmicb.2022.855666	2022	SRP124832	SRA-study	not described in the declaring sentence	Saccharomyces cerevisiae / Homo sapiens [inferred from organism mentions across the paper, not from the quote]	ethanol_reference	The HU-11/CBS4732 (nuclear) genome has a summed length of 9.1 Mbp that is close to the estimated length of the O. polymorpha DL-1 genome (), while the NCYC495 (RefSeq: NW_017264698-704) and DL-1 genomes (RefSeq: NC_027860-66) have shorter lengths of 8.97 and 8.87 Mbp, respectively (), as both of them are incomplete and have many errors at 5′ and 3′ ends of their chromosomes (). The GC contents of the HU-11, NCYC495, and DL-1 genomes are very close (∼48%). Syntenic comparison (see section “Materials and Methods”) revealed that O. polymorpha HU-11/CBS4732 is so phylogenetically close to NCYC495 that the syntenic regions cover nearly 100% of their genomes, however, HU-11/CBS4732 and NCYC495 are	low
doi:10.3389/fmicb.2023.1333777	10.3389/fmicb.2023.1333777	2023	PRJNA1049636	BioProject	not described in the declaring sentence	Saccharomyces cerevisiae / Zymomonas mobilis [inferred from organism mentions across the paper, not from the quote]	ethanol_reference	The original contributions presented in the study are included in the article/, further inquiries can be directed to the corresponding author. Sequence data associated with this project have been deposited in the NCBI (PRJNA1049636).	high
doi:10.3389/fmicb.2026.1866172	10.3389/fmicb.2026.1866172	2026	PRJNA1439535	BioProject	not described in the declaring sentence	Saccharomyces cerevisiae / Lactococcus/Lactobacillus [inferred from organism mentions across the paper, not from the quote]	ethanol_reference	The datasets presented in this study can be found in online repositories. The names of the repository/repositories and accession number(s) can be found at: https://www.ncbi.nlm.nih.gov/genbank/, PRJNA1439535.	high
doi:10.3389/fpls.2026.1819515	10.3389/fpls.2026.1819515	2026	PRJNA1163756	BioProject	RNA-seq / transcriptome / expression array	not determined [inferred from organism mentions across the paper, not from the quote]	ethanol_reference	The gene-specific primers were generated by manually operating the Primer Premier (version 6.10) software, and exported primer sequences (forward and reverse) were oligo-synthesized by Sangon Biotech (Shanghai, China). RT-qPCR reactions were carried out using SYBR Green chemistry on a real-time PCR detection system under standard cycling conditions. The housekeeping gene CsActin was used as an internal reference to normalize gene expression levels (). The gene expression patterns were evaluated based on the 2−ΔΔCt method () by means of three biological repetitions for each sample collected at different time courses. The detailed information of the exported gene primer is exhibited in . Furth	low
doi:10.3390/jof7110928	10.3390/jof7110928	2021	PRJNA690663	BioProject	amplicon/metagenome; genome sequencing / resequencing	Saccharomyces cerevisiae / Lactococcus/Lactobacillus [inferred from organism mentions across the paper, not from the quote]	ethanol_reference	Genomic DNA from the cells was extracted using YeaStar DNA kits (Zymo Research, Irvine, CA, USA) and purified using Genomic DNA purification kits (Promega, Madison, WI, USA) for genome sequencing. DNA quantity and quality were confirmed using the Quant-It PicoGreen dsDNA assay kit (Invitrogen, Waltham, MA, USA) and agarose gel electrophoresis, respectively. Barcoded library construction and genome sequencing using Illumina Miseq instrumentation (Illumina, San Diego, CA, USA) were performed at CHUNLAB (CHUNLAB, Seoul, Korea). Barcoded shotgun genomic DNA libraries were constructed using the TruSeq Sample Prep Kit, following the manufacturer’s instructions (Illumina), and were subjected to 300	low
doi:10.1007/s11306-018-1357-5	10.1007/s11306-018-1357-5	2018	MTBLS617	MetaboLights	metabolomics	Homo sapiens / Escherichia coli [inferred from organism mentions across the paper, not from the quote]	other	The data in this study are deposited in MetaboLights (https://www.ebi.ac.uk/metabolights/) study identifier MTBLS617.	high
doi:10.1016/j.crfs.2025.101070	10.1016/j.crfs.2025.101070	2025	PRJNA1165272	BioProject	not described in the declaring sentence	Saccharomyces cerevisiae / Candida/Scheffersomyces [inferred from organism mentions across the paper, not from the quote]	other	Raw reads were deposited in the National Center for Biotechnology Information (NCBI) as a Sequence Read Archive under the BioProject accession number PRJNA1165272.	high
doi:10.1016/j.dib.2023.109394	10.1016/j.dib.2023.109394	2023	PRJNA964584	BioProject	not described in the declaring sentence	Candida/Scheffersomyces / Komagataella/Pichia [inferred from organism mentions across the paper, not from the quote]	other	The genome is deposited at NCBI's Genbank under the BioProject PRJNA964584 and the accession numbers CP125793-CP125802 (https://www.ncbi.nlm.nih.gov/assembly/GCA_030062975.1). The raw sequencing data and genome annotation files are available as supplementary data at https://dataverse.harvard.edu/dataverse/Pichia_kluyveri.	high
doi:10.1038/s41522-023-00432-1	10.1038/s41522-023-00432-1	2023	PRJNA694576	BioProject	not described in the declaring sentence	Saccharomyces cerevisiae / Aspergillus [inferred from organism mentions across the paper, not from the quote]	other	All raw data for the current study have been deposited in National Center for Biotechnology Information (NCBI) under the accession number PRJNA694576.	high
doi:10.1038/s41598-017-03996-z	10.1038/s41598-017-03996-z	2017	PRJEB19900	BioProject	not described in the declaring sentence	Saccharomyces cerevisiae [inferred from organism mentions across the paper, not from the quote]	other	Accession codes: The ONT and MiSeQ data are available from the EBI database with Study accession code PRJEB19900. The PacBio data are available from the EBI database with Study accession code PRJEB7245 (See Supplementary Notes for more details). All the generated assemblies are available from the EBI Bio-Studies database with Study accession code S-BSST17. Scripts to download the final assemblies, the datasets and sample scripts to run the pipelines are available from GitHub: https://github.com/fg6/YeastStrainsStudy.git.	high
doi:10.1038/s41598-017-03996-z	10.1038/s41598-017-03996-z	2017	PRJEB7245	BioProject	not described in the declaring sentence	Saccharomyces cerevisiae [inferred from organism mentions across the paper, not from the quote]	other	Accession codes: The ONT and MiSeQ data are available from the EBI database with Study accession code PRJEB19900. The PacBio data are available from the EBI database with Study accession code PRJEB7245 (See Supplementary Notes for more details). All the generated assemblies are available from the EBI Bio-Studies database with Study accession code S-BSST17. Scripts to download the final assemblies, the datasets and sample scripts to run the pipelines are available from GitHub: https://github.com/fg6/YeastStrainsStudy.git.	high
doi:10.1038/s41598-020-72391-y	10.1038/s41598-020-72391-y	2020	GSE1227	GEO-series	proteomics	Saccharomyces cerevisiae / Escherichia coli [inferred from organism mentions across the paper, not from the quote]	other	Hog1 and Sko1 mediate part of the signals elicited by overexpression of Ppz1. (a) Changes in phosphorylation of Hog1 (Thr174/Tyr176) and Sko1 (Ser108/Thr113) derived from the phosphoproteomic experiments. Data represent the mean ± SEM from two (Hog1) and four (Sko1) datasets. (b) Upper panel. BY4741 (WT) and ZCZ01 cultures in YP-Raff received 2% galactose to promote Ppz1 induction. Protein extracts (40 µg of proteins) were subjected to SDS-PAGE (10% polyacrylamide), transferred to membranes and immunoblotted with anti P-Hog1 (P-Thr174/Tyr176) antibodies. Upon detection, membranes were stripped and probed with anti Hog1 antibodies to detect the amount of total Hog1. Lower panel. Signals corre	low
doi:10.1038/s41598-020-72391-y	10.1038/s41598-020-72391-y	2020	GSE138750	GEO-series	not described in the declaring sentence; GEO accession implies expression data	Saccharomyces cerevisiae / Escherichia coli [inferred from organism mentions across the paper, not from the quote]	other	Library preparation, RNA sequencing and data processing was done essentially as in although in this case single end, 75 nt/read were obtained. Three replicates were sequenced, yielding a total number of 3.7–8.3 million reads per condition, of which 97.2–98.6% were mapped to the S. cerevisiae genome. Raw data was filtered to remove sequences with low number of reads. The Pearson’s correlation coefficient between replicates ranged from 0.874 to 0.998 (averages values of 0.970, 0.958 and 0.917 for data at 0.5, 2 and 4 h, respectively). Genes were considered induced or repressed upon Ppz1 overexpression when changes for a given time-point were at least twofold (log(2) ≥ 1 or log(2) ≤ − 1) with a	low
doi:10.1038/s41598-020-72391-y	10.1038/s41598-020-72391-y	2020	PXD018100	PRIDE-proteomics	RNA-seq / transcriptome / expression array; proteomics	Saccharomyces cerevisiae / Escherichia coli [inferred from organism mentions across the paper, not from the quote]	other	The datasets produced in this study are available in the following databases: RNA-Seq data can be retrieved from the Gene Expression Omnibus (GEO) repository under study GSE138750. Mass spectrometry proteomics data have been deposited to the ProteomeXchange Consortium via the PRIDE partner repository with the dataset identifier PXD018100.	high
doi:10.1038/s41598-023-32853-5	10.1038/s41598-023-32853-5	2023	SRR20710118	SRA-run	amplicon/metagenome	Synechocystis/Synechococcus (cyanobacteria) / Saccharomyces cerevisiae [inferred from organism mentions across the paper, not from the quote]	other	16S rRNA gene sequencing data have been available at NCBI under the accession numbers: SRR20710118 (https://www.ncbi.nlm.nih.gov/sra/?term=SRR20710118) and SRR20831105 (https://www.ncbi.nlm.nih.gov/sra/?term=SRR20831105). Strain DNA sequences have been available at GenBank under the accession numbers: KT454966 (https://www.ncbi.nlm.nih.gov/nuccore/KT454966), OP132549 (https://www.ncbi.nlm.nih.gov/nuccore/OP132549) and KJ524642 (https://www.ncbi.nlm.nih.gov/nuccore/KJ524642).	high
doi:10.1038/s41598-023-32853-5	10.1038/s41598-023-32853-5	2023	SRR20831105	SRA-run	amplicon/metagenome	Synechocystis/Synechococcus (cyanobacteria) / Saccharomyces cerevisiae [inferred from organism mentions across the paper, not from the quote]	other	16S rRNA gene sequencing data have been available at NCBI under the accession numbers: SRR20710118 (https://www.ncbi.nlm.nih.gov/sra/?term=SRR20710118) and SRR20831105 (https://www.ncbi.nlm.nih.gov/sra/?term=SRR20831105). Strain DNA sequences have been available at GenBank under the accession numbers: KT454966 (https://www.ncbi.nlm.nih.gov/nuccore/KT454966), OP132549 (https://www.ncbi.nlm.nih.gov/nuccore/OP132549) and KJ524642 (https://www.ncbi.nlm.nih.gov/nuccore/KJ524642).	high
doi:10.1073/pnas.2112836118	10.1073/pnas.2112836118	2021	PXD026313	PRIDE-proteomics	proteomics	Saccharomyces cerevisiae / Kluyveromyces marxianus [inferred from organism mentions across the paper, not from the quote]	other	The mass spectrometry proteomics data have been deposited to the ProteomeXchange Consortium via the PRIDE () partner repository with the dataset identifier PXD026313. Processed quantitative proteomics data are available in Datasets S1–S4. All code and data associated with this study have been deposited to GitHub and are available at https://github.com/SysBioChalmers/ComparativeStudyCrabtreeEffect () or through Zenodo at https://doi.org/10.5281/zenodo.5004293.	high
doi:10.1093/femsyr/foaf062	10.1093/femsyr/foaf062	2025	PRJNA1166665	BioProject	genome sequencing / resequencing	Saccharomyces cerevisiae / Escherichia coli [inferred from organism mentions across the paper, not from the quote]	other	For the whole-genome resequencing analysis of the reference strain and the evolved strain, cells were grown in liquid yeast extract-peptone-dextrose (YPD) medium (2% (w/v) dextrose, 2% (w/v) peptone, and 1% (w/v) yeast extract, pH 6.0) until the stationary phase of growth (∼6.0 × 107 cells/ml), cells were harvested (5500 × g for 10 min), and total DNA was isolated using MasterPureTM DNA Purification Kit (Epicenter, San Diego, USA), according to the manufacturer’s instructions. The quality and quantity of isolated DNA samples were determined by using NanoDrop 2000 UV–Vis spectrophotometer (Thermo Fisher Scientific, Waltham, USA). Prior to sequencing, genomic libraries were prepared by using I	low
doi:10.1093/femsyr/foaf062	10.1093/femsyr/foaf062	2025	SRP535472	SRA-study	RNA-seq / transcriptome / expression array; genome sequencing / resequencing	Saccharomyces cerevisiae / Escherichia coli [inferred from organism mentions across the paper, not from the quote]	other	For the comparative whole-genome transcriptomic analysis of the reverse engineered, Pdr1p.M732R mutant strain and the reference strain, Illumina NextSeq 550 Next-Generation Sequencing Platform was used. Transcriptomic material was collected in three biological replicates from both the evolved and the reference strain, using RNeasy Mini Kit (Qiagen, German Town, USA), after growing the cultures up to 1.0 OD600 (∼107 cells/ml) in 100 ml YNBE medium in 500 ml shake flasks. The isolated RNA samples’ quality and quantity were measured using Nanodrop 2000 UV–Vis spectrophotometer (Thermo Fisher Scientific). The RNA integrity numbers (RIN) were determined using Agilent Bioanalyzer 2100 and the Agil	low
doi:10.1093/femsyr/foag008	10.1093/femsyr/foag008	2026	PRJNA1337163	BioProject	not described in the declaring sentence	Candida/Scheffersomyces / Saccharomyces cerevisiae [inferred from organism mentions across the paper, not from the quote]	other	The genome assemblies for S. batistae SB001 generated in this study has been deposited in the National Library of Medicine database (https://www.ncbi.nlm.nih.gov/) under the accession number SAMN52194706: SB001 (TaxID: 85908). The BioProject number is PRJNA1337163. The Sequence Read Archive (SRA) number is SRR35705224. The annotation of Starmerella yeasts is available at https://github.com/Sookie-S/Starmerella_species_annotation.	high
doi:10.1093/femsyr/foag008	10.1093/femsyr/foag008	2026	SRR35705224	SRA-run	not described in the declaring sentence	Candida/Scheffersomyces / Saccharomyces cerevisiae [inferred from organism mentions across the paper, not from the quote]	other	The genome assemblies for S. batistae SB001 generated in this study has been deposited in the National Library of Medicine database (https://www.ncbi.nlm.nih.gov/) under the accession number SAMN52194706: SB001 (TaxID: 85908). The BioProject number is PRJNA1337163. The Sequence Read Archive (SRA) number is SRR35705224. The annotation of Starmerella yeasts is available at https://github.com/Sookie-S/Starmerella_species_annotation.	high
doi:10.1093/femsyr/fox074	10.1093/femsyr/fox074	2017	PRJNA393501	BioProject	genome sequencing / resequencing	Saccharomyces cerevisiae [inferred from organism mentions across the paper, not from the quote]	other	MinION genomic libraries were prepared using either nanopore Sequencing Kit SQK-MAP006 (2D-ligation for R7.3 chemistry), SQK-RAD001 (Rapid library prep kit for R9 chemistry), or SQK-MAP007 (2D-ligation for R9 chemistries) (Oxford Nanopore Technologies, Oxford, UK). Two separate libraries of SQK-MAP006 and one library of SQK-RAD001 were used to sequence CEN.PK113–7D Delft. Only one SQK-MAP007 library was used to sequence CEN.PK113–7D Frankfurt. With the exception of the SQK-RAD001 library, all libraries used 2–3 μg of genomic DNA fragmented in a Covaris g-tube (Covaris) with the ‘8–10 kbp fragments’ settings according to manufacturer's instructions. The SQK-RAD001 library used 200 ng of unshe	low
doi:10.1093/g3journal/jkab137	10.1093/g3journal/jkab137	2021	PRJNA686979	BioProject	genome sequencing / resequencing	Candida/Scheffersomyces / Saccharomyces cerevisiae [inferred from organism mentions across the paper, not from the quote]	other	All sequence data are available in the Sequence Read Archive, under BioProject PRJNA686979. This Whole Genome Shotgun project has been deposited at DDBJ/ENA/GenBank under the accession JAEVGP000000000. The version described in this paper is version JAEVGP010000000. The JHU_Cniv_v1 assembly and annotation are also available in Zenodo (http://doi.org/10.5281/zenodo.4644506). Code used for analysis is available at https://github.com/timplab/nivar. Supplementary materials and data files are available on figshare: https://doi.org/10.25387/g3.14381858.	high
doi:10.1093/jimb/kuag002	10.1093/jimb/kuag002	2026	PRJNA1290264	BioProject	not described in the declaring sentence	Yarrowia lipolytica / Candida/Scheffersomyces [inferred from organism mentions across the paper, not from the quote]	other	The annotated haploid consensus and phased diploid assemblies for Y. lipolytica YB-423 (=ATCC 18942) have been deposited into the ATCC Genome Portal (https://genomes.atcc.org). The haploid consensus assembly and raw sequencing data have also been deposited to NCBI and can be found in BioProject PRJNA1290264.	high
doi:10.1093/mmy/myaf034	10.1093/mmy/myaf034	2025	PRJNA931618	BioProject	amplicon/metagenome	Homo sapiens / Saccharomyces cerevisiae [inferred from organism mentions across the paper, not from the quote]	other	The genomic data were deposited in the NCBI Genome repository under the following accession numbers: BioProject PRJNA931618, BioSample SAMN33093357, Sequence Read Archive SRR23377271, and CP117545–CP117553 for the genome assembly consisting of eight chromosomal contigs and the mitochondrial genome. The genetic loci used for phylogenetic analyses were extracted from the assembled genome and separately deposited under accession numbers PQ282242 (ITS), PV092593 (calmodulin), MK380725 (beta-tubulin), and PV092594 (elongation factor 1α).	high
doi:10.1093/mmy/myaf034	10.1093/mmy/myaf034	2025	SRR23377271	SRA-run	amplicon/metagenome	Homo sapiens / Saccharomyces cerevisiae [inferred from organism mentions across the paper, not from the quote]	other	The genomic data were deposited in the NCBI Genome repository under the following accession numbers: BioProject PRJNA931618, BioSample SAMN33093357, Sequence Read Archive SRR23377271, and CP117545–CP117553 for the genome assembly consisting of eight chromosomal contigs and the mitochondrial genome. The genetic loci used for phylogenetic analyses were extracted from the assembled genome and separately deposited under accession numbers PQ282242 (ITS), PV092593 (calmodulin), MK380725 (beta-tubulin), and PV092594 (elongation factor 1α).	high
doi:10.1093/nar/gkag184	10.1093/nar/gkag184	2026	GSE151522	GEO-series	RNA-seq / transcriptome / expression array; proteomics	Saccharomyces cerevisiae / Homo sapiens [inferred from organism mentions across the paper, not from the quote]	other	RNA-seq data is available at GEO with access no. GSE151522. All MS files associated with this manuscript are accessible at MassIVE (https://massive.ucsd.edu) under accession number MSV000096586 and ProteomeXchange (https://proteomecentral.proteomexchange.org) dataset PXD058560.	high
doi:10.1093/nar/gkag184	10.1093/nar/gkag184	2026	MSV000096586	MassIVE-proteomics	RNA-seq / transcriptome / expression array; proteomics	Saccharomyces cerevisiae / Homo sapiens [inferred from organism mentions across the paper, not from the quote]	other	RNA-seq data is available at GEO with access no. GSE151522. All MS files associated with this manuscript are accessible at MassIVE (https://massive.ucsd.edu) under accession number MSV000096586 and ProteomeXchange (https://proteomecentral.proteomexchange.org) dataset PXD058560.	high
doi:10.1093/nar/gkag184	10.1093/nar/gkag184	2026	PXD058560	PRIDE-proteomics	RNA-seq / transcriptome / expression array; proteomics	Saccharomyces cerevisiae / Homo sapiens [inferred from organism mentions across the paper, not from the quote]	other	RNA-seq data is available at GEO with access no. GSE151522. All MS files associated with this manuscript are accessible at MassIVE (https://massive.ucsd.edu) under accession number MSV000096586 and ProteomeXchange (https://proteomecentral.proteomexchange.org) dataset PXD058560.	high
doi:10.1101/gr.193433.115	10.1101/gr.193433.115	2016	SRX470091	SRA-experiment	not described in the declaring sentence	Saccharomyces cerevisiae / Homo sapiens [inferred from organism mentions across the paper, not from the quote]	other	The sequence data from this study have been submitted to the NCBI Sequence Read Archive (SRA; http://www.ncbi.nlm.nih.gov/sra/) under accession number SRA124245. The individual clones have sample accession numbers SRX470091 through SRX470176; the clone identifiers used here are provided as the sample names in SRA.	high
doi:10.1101/gr.193433.115	10.1101/gr.193433.115	2016	SRX470176	SRA-experiment	not described in the declaring sentence	Saccharomyces cerevisiae / Homo sapiens [inferred from organism mentions across the paper, not from the quote]	other	The sequence data from this study have been submitted to the NCBI Sequence Read Archive (SRA; http://www.ncbi.nlm.nih.gov/sra/) under accession number SRA124245. The individual clones have sample accession numbers SRX470091 through SRX470176; the clone identifiers used here are provided as the sample names in SRA.	high
doi:10.1128/mra.00952-22	10.1128/mra.00952-22	2022	ERX9629580	ENA-experiment	amplicon/metagenome; genome sequencing / resequencing	Saccharomyces cerevisiae / Homo sapiens [inferred from organism mentions across the paper, not from the quote]	other	This whole-genome shotgun project has been deposited at DDBJ/ENA/GenBank (BioProject accession number PRJEB55421). The version described in this paper is version 1. The raw reads were deposited at SRA (accession numbers ERX9629580 and ERX9629581). The ITS sequence accession number is OP214351.	high
doi:10.1128/mra.00952-22	10.1128/mra.00952-22	2022	ERX9629581	ENA-experiment	amplicon/metagenome; genome sequencing / resequencing	Saccharomyces cerevisiae / Homo sapiens [inferred from organism mentions across the paper, not from the quote]	other	This whole-genome shotgun project has been deposited at DDBJ/ENA/GenBank (BioProject accession number PRJEB55421). The version described in this paper is version 1. The raw reads were deposited at SRA (accession numbers ERX9629580 and ERX9629581). The ITS sequence accession number is OP214351.	high
doi:10.1128/mra.00952-22	10.1128/mra.00952-22	2022	PRJEB55421	BioProject	amplicon/metagenome; genome sequencing / resequencing	Saccharomyces cerevisiae / Homo sapiens [inferred from organism mentions across the paper, not from the quote]	other	This whole-genome shotgun project has been deposited at DDBJ/ENA/GenBank (BioProject accession number PRJEB55421). The version described in this paper is version 1. The raw reads were deposited at SRA (accession numbers ERX9629580 and ERX9629581). The ITS sequence accession number is OP214351.	high
doi:10.1128/mra.00957-22	10.1128/mra.00957-22	2022	ERX9629577	ENA-experiment	amplicon/metagenome; genome sequencing / resequencing	Saccharomyces cerevisiae [inferred from organism mentions across the paper, not from the quote]	other	This whole-genome shotgun project has been deposited at DDBJ/ENA/GenBank (BioProject no. PRJEB55420). The version described in this paper is version 1. The raw reads were deposited at SRA (accession no. ERX9629577, ERX9629578, and ERX9629579). The ITS sequence is at OP221981 and the D1/D2 region sequence at OP221771.	high
doi:10.1128/mra.00957-22	10.1128/mra.00957-22	2022	ERX9629578	ENA-experiment	amplicon/metagenome; genome sequencing / resequencing	Saccharomyces cerevisiae [inferred from organism mentions across the paper, not from the quote]	other	This whole-genome shotgun project has been deposited at DDBJ/ENA/GenBank (BioProject no. PRJEB55420). The version described in this paper is version 1. The raw reads were deposited at SRA (accession no. ERX9629577, ERX9629578, and ERX9629579). The ITS sequence is at OP221981 and the D1/D2 region sequence at OP221771.	high
doi:10.1128/mra.00957-22	10.1128/mra.00957-22	2022	ERX9629579	ENA-experiment	amplicon/metagenome; genome sequencing / resequencing	Saccharomyces cerevisiae [inferred from organism mentions across the paper, not from the quote]	other	This whole-genome shotgun project has been deposited at DDBJ/ENA/GenBank (BioProject no. PRJEB55420). The version described in this paper is version 1. The raw reads were deposited at SRA (accession no. ERX9629577, ERX9629578, and ERX9629579). The ITS sequence is at OP221981 and the D1/D2 region sequence at OP221771.	high
doi:10.1128/mra.00957-22	10.1128/mra.00957-22	2022	PRJEB55420	BioProject	amplicon/metagenome; genome sequencing / resequencing	Saccharomyces cerevisiae [inferred from organism mentions across the paper, not from the quote]	other	This whole-genome shotgun project has been deposited at DDBJ/ENA/GenBank (BioProject no. PRJEB55420). The version described in this paper is version 1. The raw reads were deposited at SRA (accession no. ERX9629577, ERX9629578, and ERX9629579). The ITS sequence is at OP221981 and the D1/D2 region sequence at OP221771.	high
doi:10.1128/mra.01073-23	10.1128/mra.01073-23	2024	PRJNA1018912	BioProject	amplicon/metagenome; genome sequencing / resequencing	Saccharomyces cerevisiae / Homo sapiens [inferred from organism mentions across the paper, not from the quote]	other	This whole-genome shotgun project has been deposited at DDBJ/ ENA/GenBank accession no. JAVSEF000000000 (BioProject no. PRJNA1018912). The version described in this paper is version 1. The raw reads were deposited at SRA (accession no. SRR26109203 and SRR26109698). The ITS sequence is at OR578565 and the D1/D2 region sequence at OR578569.	high
doi:10.1128/mra.01073-23	10.1128/mra.01073-23	2024	SRR26109203	SRA-run	amplicon/metagenome; genome sequencing / resequencing	Saccharomyces cerevisiae / Homo sapiens [inferred from organism mentions across the paper, not from the quote]	other	This whole-genome shotgun project has been deposited at DDBJ/ ENA/GenBank accession no. JAVSEF000000000 (BioProject no. PRJNA1018912). The version described in this paper is version 1. The raw reads were deposited at SRA (accession no. SRR26109203 and SRR26109698). The ITS sequence is at OR578565 and the D1/D2 region sequence at OR578569.	high
doi:10.1128/mra.01073-23	10.1128/mra.01073-23	2024	SRR26109698	SRA-run	amplicon/metagenome; genome sequencing / resequencing	Saccharomyces cerevisiae / Homo sapiens [inferred from organism mentions across the paper, not from the quote]	other	This whole-genome shotgun project has been deposited at DDBJ/ ENA/GenBank accession no. JAVSEF000000000 (BioProject no. PRJNA1018912). The version described in this paper is version 1. The raw reads were deposited at SRA (accession no. SRR26109203 and SRR26109698). The ITS sequence is at OR578565 and the D1/D2 region sequence at OR578569.	high
doi:10.1128/mra.01162-24	10.1128/mra.01162-24	2025	ERR13731774	ENA-run	amplicon/metagenome; genome sequencing / resequencing	Saccharomyces cerevisiae [inferred from organism mentions across the paper, not from the quote]	other	This whole-genome shotgun project has been deposited as DDBJ/ENA/GenBank accession number CAXWVZ010000000 (BioProject no. PRJEB79408). The version described in this paper is version 1. The reads were deposited at ENA (accessions ERR13731774 and ERR13731842). The ITS sequence is PQ438548. The D1/D2 sequence is PQ438569.	high
doi:10.1128/mra.01162-24	10.1128/mra.01162-24	2025	ERR13731842	ENA-run	amplicon/metagenome; genome sequencing / resequencing	Saccharomyces cerevisiae [inferred from organism mentions across the paper, not from the quote]	other	This whole-genome shotgun project has been deposited as DDBJ/ENA/GenBank accession number CAXWVZ010000000 (BioProject no. PRJEB79408). The version described in this paper is version 1. The reads were deposited at ENA (accessions ERR13731774 and ERR13731842). The ITS sequence is PQ438548. The D1/D2 sequence is PQ438569.	high
doi:10.1128/mra.01162-24	10.1128/mra.01162-24	2025	PRJEB79408	BioProject	amplicon/metagenome; genome sequencing / resequencing	Saccharomyces cerevisiae [inferred from organism mentions across the paper, not from the quote]	other	This whole-genome shotgun project has been deposited as DDBJ/ENA/GenBank accession number CAXWVZ010000000 (BioProject no. PRJEB79408). The version described in this paper is version 1. The reads were deposited at ENA (accessions ERR13731774 and ERR13731842). The ITS sequence is PQ438548. The D1/D2 sequence is PQ438569.	high
doi:10.1128/mra.01168-24	10.1128/mra.01168-24	2025	ERR13731958	ENA-run	amplicon/metagenome; genome sequencing / resequencing	Candida/Scheffersomyces / Saccharomyces cerevisiae [inferred from organism mentions across the paper, not from the quote]	other	This whole-genome shotgun project has been deposited as DDBJ/ENA/GenBank accession number CAXWWC010000000 (BioProject no. PRJEB80645). The version described in this paper is version 1. The reads were deposited at ENA (accessions ERR13731958, ERR13731962). The ITS sequence is PQ438597. The D1/D2 sequence is PQ438670. Isolate UCD1087 has been deposited in the CBS and PYCC culture collections as CBS 18653 and PYCC 10020.	high
doi:10.1128/mra.01168-24	10.1128/mra.01168-24	2025	ERR13731962	ENA-run	amplicon/metagenome; genome sequencing / resequencing	Candida/Scheffersomyces / Saccharomyces cerevisiae [inferred from organism mentions across the paper, not from the quote]	other	This whole-genome shotgun project has been deposited as DDBJ/ENA/GenBank accession number CAXWWC010000000 (BioProject no. PRJEB80645). The version described in this paper is version 1. The reads were deposited at ENA (accessions ERR13731958, ERR13731962). The ITS sequence is PQ438597. The D1/D2 sequence is PQ438670. Isolate UCD1087 has been deposited in the CBS and PYCC culture collections as CBS 18653 and PYCC 10020.	high
doi:10.1128/mra.01168-24	10.1128/mra.01168-24	2025	PRJEB80645	BioProject	amplicon/metagenome; genome sequencing / resequencing	Candida/Scheffersomyces / Saccharomyces cerevisiae [inferred from organism mentions across the paper, not from the quote]	other	This whole-genome shotgun project has been deposited as DDBJ/ENA/GenBank accession number CAXWWC010000000 (BioProject no. PRJEB80645). The version described in this paper is version 1. The reads were deposited at ENA (accessions ERR13731958, ERR13731962). The ITS sequence is PQ438597. The D1/D2 sequence is PQ438670. Isolate UCD1087 has been deposited in the CBS and PYCC culture collections as CBS 18653 and PYCC 10020.	high
doi:10.1128/mra.01293-20	10.1128/mra.01293-20	2021	SRR12830835	SRA-run	genome sequencing / resequencing	not determined [inferred from organism mentions across the paper, not from the quote]	other	The raw reads were uploaded to the Sequence Read Archive (SRA) under the accession no. SRR12830835. The complete genome sequence was deposited at DDBJ/ENA/GenBank under the accession no. JADGIM000000000. The version described in this paper is version JADGIM000000000.1. The complete mitochondrial genome sequence was deposited under GenBank accession no. MW148763.	high
doi:10.1128/mra.01409-25	10.1128/mra.01409-25	2026	ERR15652871	ENA-run	amplicon/metagenome; genome sequencing / resequencing	Candida/Scheffersomyces / Saccharomyces cerevisiae [inferred from organism mentions across the paper, not from the quote]	other	This Whole Genome Shotgun project has been deposited as DDBJ/ENA/GenBank accession number CDRNKE010000000 (BioProject no. PRJEB97773). The version described in this paper is version 1. The reads were deposited at ENA (accessions ERR15652871, ERR15761027). The ITS sequence is PX481655. The D1/D2 sequence is PX481656.	high
doi:10.1128/mra.01409-25	10.1128/mra.01409-25	2026	ERR15761027	ENA-run	amplicon/metagenome; genome sequencing / resequencing	Candida/Scheffersomyces / Saccharomyces cerevisiae [inferred from organism mentions across the paper, not from the quote]	other	This Whole Genome Shotgun project has been deposited as DDBJ/ENA/GenBank accession number CDRNKE010000000 (BioProject no. PRJEB97773). The version described in this paper is version 1. The reads were deposited at ENA (accessions ERR15652871, ERR15761027). The ITS sequence is PX481655. The D1/D2 sequence is PX481656.	high
doi:10.1128/mra.01409-25	10.1128/mra.01409-25	2026	PRJEB97773	BioProject	amplicon/metagenome; genome sequencing / resequencing	Candida/Scheffersomyces / Saccharomyces cerevisiae [inferred from organism mentions across the paper, not from the quote]	other	This Whole Genome Shotgun project has been deposited as DDBJ/ENA/GenBank accession number CDRNKE010000000 (BioProject no. PRJEB97773). The version described in this paper is version 1. The reads were deposited at ENA (accessions ERR15652871, ERR15761027). The ITS sequence is PX481655. The D1/D2 sequence is PX481656.	high
doi:10.1128/mra.01410-25	10.1128/mra.01410-25	2026	ERR15761576	ENA-run	amplicon/metagenome; genome sequencing / resequencing	Candida/Scheffersomyces / Komagataella/Pichia [inferred from organism mentions across the paper, not from the quote]	other	This whole-genome shotgun project has been deposited as DDBJ/ENA/GenBank accession number CDRNKH010000000 (BioProject no. PRJEB97774). The version described in this paper is version 1. The reads were deposited at the ENA (accessions ERR15761576 and ERR15761577). The ITS sequence is PX481660. The D1/D2 sequence is PX481661.	high
doi:10.1128/mra.01410-25	10.1128/mra.01410-25	2026	ERR15761577	ENA-run	amplicon/metagenome; genome sequencing / resequencing	Candida/Scheffersomyces / Komagataella/Pichia [inferred from organism mentions across the paper, not from the quote]	other	This whole-genome shotgun project has been deposited as DDBJ/ENA/GenBank accession number CDRNKH010000000 (BioProject no. PRJEB97774). The version described in this paper is version 1. The reads were deposited at the ENA (accessions ERR15761576 and ERR15761577). The ITS sequence is PX481660. The D1/D2 sequence is PX481661.	high
doi:10.1128/mra.01410-25	10.1128/mra.01410-25	2026	PRJEB97774	BioProject	amplicon/metagenome; genome sequencing / resequencing	Candida/Scheffersomyces / Komagataella/Pichia [inferred from organism mentions across the paper, not from the quote]	other	This whole-genome shotgun project has been deposited as DDBJ/ENA/GenBank accession number CDRNKH010000000 (BioProject no. PRJEB97774). The version described in this paper is version 1. The reads were deposited at the ENA (accessions ERR15761576 and ERR15761577). The ITS sequence is PX481660. The D1/D2 sequence is PX481661.	high
doi:10.1128/spectrum.02205-24	10.1128/spectrum.02205-24	2025	PRJNA1257948	BioProject	not described in the declaring sentence	Homo sapiens / Escherichia coli [inferred from organism mentions across the paper, not from the quote]	other	Sequences from this study are available on NCBI and can be accessed with BioProject ID PRJNA1257948 (https://www.ncbi.nlm.nih.gov/bioproject/1257948).	high
doi:10.1128/spectrum.02640-22	10.1128/spectrum.02640-22	2023	PRJNA744402	BioProject	amplicon/metagenome; RNA-seq / transcriptome / expression array	Lactococcus/Lactobacillus / Saccharomyces cerevisiae [inferred from organism mentions across the paper, not from the quote]	other	The fungal and bacterial raw sequence data were deposited in the NCBI SRA and are available under accession numbers PRJNA744402 and PRJNA744627. The metatranscriptomic data were submitted to NCBI SRA and are available under accession numbers PRJNA744944.	high
doi:10.1128/spectrum.02640-22	10.1128/spectrum.02640-22	2023	PRJNA744627	BioProject	amplicon/metagenome; RNA-seq / transcriptome / expression array	Lactococcus/Lactobacillus / Saccharomyces cerevisiae [inferred from organism mentions across the paper, not from the quote]	other	The fungal and bacterial raw sequence data were deposited in the NCBI SRA and are available under accession numbers PRJNA744402 and PRJNA744627. The metatranscriptomic data were submitted to NCBI SRA and are available under accession numbers PRJNA744944.	high
doi:10.1128/spectrum.02640-22	10.1128/spectrum.02640-22	2023	PRJNA744944	BioProject	amplicon/metagenome; RNA-seq / transcriptome / expression array	Lactococcus/Lactobacillus / Saccharomyces cerevisiae [inferred from organism mentions across the paper, not from the quote]	other	The fungal and bacterial raw sequence data were deposited in the NCBI SRA and are available under accession numbers PRJNA744402 and PRJNA744627. The metatranscriptomic data were submitted to NCBI SRA and are available under accession numbers PRJNA744944.	high
doi:10.1128/spectrum.03024-24	10.1128/spectrum.03024-24	2025	PRJNA1142969	BioProject	not described in the declaring sentence	Candida/Scheffersomyces / Homo sapiens [inferred from organism mentions across the paper, not from the quote]	other	All sequencing data in this study are available in the NCBI SRA under the BioProject accession number PRJNA1142969, which can be found at https://www.ncbi.nlm.nih.gov/sra/PRJNA1142969.	high
doi:10.1186/1741-7007-10-55	10.1186/1741-7007-10-55	2012	E-MTAB-153	ArrayExpress	RNA-seq / transcriptome / expression array	Saccharomyces cerevisiae / Escherichia coli [inferred from organism mentions across the paper, not from the quote]	other	Raw data were normalized using limmaGUI software (R/Bioconductor, Boston, MA, USA) [] and print-tip lowess normalization within arrays. Heatmaps and clustering of genes were carried out using MeV software []. Functional analysis of expression data obtained was carried out using the EXPANDER software (Algorithms in Computational Genomics group, Blavatnik School of Computer Science, Tel Aviv University, Tel Aviv, Israel) [] and the YEASTRACT online tool (Biological Sciences Research Group, IBB and Knowledge Discovery and Bioinformatics group, INESC-ID, Lisbon, Portugal) [] as well as the R/Bioconductor limma package (R/Bioconductor, Boston, MA, USA) []. The microarray raw data were submitted t	low
doi:10.1186/1741-7007-10-55	10.1186/1741-7007-10-55	2012	E-MTAB-166	ArrayExpress	RNA-seq / transcriptome / expression array	Saccharomyces cerevisiae / Escherichia coli [inferred from organism mentions across the paper, not from the quote]	other	Raw data were normalized using limmaGUI software (R/Bioconductor, Boston, MA, USA) [] and print-tip lowess normalization within arrays. Heatmaps and clustering of genes were carried out using MeV software []. Functional analysis of expression data obtained was carried out using the EXPANDER software (Algorithms in Computational Genomics group, Blavatnik School of Computer Science, Tel Aviv University, Tel Aviv, Israel) [] and the YEASTRACT online tool (Biological Sciences Research Group, IBB and Knowledge Discovery and Bioinformatics group, INESC-ID, Lisbon, Portugal) [] as well as the R/Bioconductor limma package (R/Bioconductor, Boston, MA, USA) []. The microarray raw data were submitted t	low
doi:10.1186/s12864-016-2882-0	10.1186/s12864-016-2882-0	2016	GSE76668	GEO-series	RNA-seq / transcriptome / expression array	not determined [inferred from organism mentions across the paper, not from the quote]	other	The sRNA sequence data and the degradome data supporting the results of this article have been submitted to Gene Expression Omnibus (GEO) under accession NO. GSE76668.	high
doi:10.1186/s12934-019-1167-0	10.1186/s12934-019-1167-0	2019	GSE128360	GEO-series	RNA-seq / transcriptome / expression array	Saccharomyces cerevisiae / Escherichia coli [inferred from organism mentions across the paper, not from the quote]	other	RNA-sequencing was performed at the Joint Genome Institute and used to identify a set of promoters that drive high or medium expression in different media including SD medium with 2% glucose (NCBI Accession SRP183741, SRP183740, SRP183739), and M9 minimal medium with added trace elements and 2% glucose (NCBI Accession SRP164139, SRP164140, SRP164141) or 10 mM p-coumaric acid (NCBI Accession SRP164142, SRP164143, SRP164144). Another dataset was generated at the University of California, Berkeley and included in the analysis (NCBI Accession GSE128360), which consists of samples grown in YNB minimal medium with 3% glucose and different carbon to nitrogen ratios (7 mM ammonium chloride or 168 mM	high
doi:10.1186/s12934-019-1167-0	10.1186/s12934-019-1167-0	2019	SRP164139	SRA-study	RNA-seq / transcriptome / expression array	Saccharomyces cerevisiae / Escherichia coli [inferred from organism mentions across the paper, not from the quote]	other	RNA-sequencing was performed at the Joint Genome Institute and used to identify a set of promoters that drive high or medium expression in different media including SD medium with 2% glucose (NCBI Accession SRP183741, SRP183740, SRP183739), and M9 minimal medium with added trace elements and 2% glucose (NCBI Accession SRP164139, SRP164140, SRP164141) or 10 mM p-coumaric acid (NCBI Accession SRP164142, SRP164143, SRP164144). Another dataset was generated at the University of California, Berkeley and included in the analysis (NCBI Accession GSE128360), which consists of samples grown in YNB minimal medium with 3% glucose and different carbon to nitrogen ratios (7 mM ammonium chloride or 168 mM	high
doi:10.1186/s12934-019-1167-0	10.1186/s12934-019-1167-0	2019	SRP164140	SRA-study	RNA-seq / transcriptome / expression array	Saccharomyces cerevisiae / Escherichia coli [inferred from organism mentions across the paper, not from the quote]	other	RNA-sequencing was performed at the Joint Genome Institute and used to identify a set of promoters that drive high or medium expression in different media including SD medium with 2% glucose (NCBI Accession SRP183741, SRP183740, SRP183739), and M9 minimal medium with added trace elements and 2% glucose (NCBI Accession SRP164139, SRP164140, SRP164141) or 10 mM p-coumaric acid (NCBI Accession SRP164142, SRP164143, SRP164144). Another dataset was generated at the University of California, Berkeley and included in the analysis (NCBI Accession GSE128360), which consists of samples grown in YNB minimal medium with 3% glucose and different carbon to nitrogen ratios (7 mM ammonium chloride or 168 mM	high
doi:10.1186/s12934-019-1167-0	10.1186/s12934-019-1167-0	2019	SRP164141	SRA-study	RNA-seq / transcriptome / expression array	Saccharomyces cerevisiae / Escherichia coli [inferred from organism mentions across the paper, not from the quote]	other	RNA-sequencing was performed at the Joint Genome Institute and used to identify a set of promoters that drive high or medium expression in different media including SD medium with 2% glucose (NCBI Accession SRP183741, SRP183740, SRP183739), and M9 minimal medium with added trace elements and 2% glucose (NCBI Accession SRP164139, SRP164140, SRP164141) or 10 mM p-coumaric acid (NCBI Accession SRP164142, SRP164143, SRP164144). Another dataset was generated at the University of California, Berkeley and included in the analysis (NCBI Accession GSE128360), which consists of samples grown in YNB minimal medium with 3% glucose and different carbon to nitrogen ratios (7 mM ammonium chloride or 168 mM	high
doi:10.1186/s12934-019-1167-0	10.1186/s12934-019-1167-0	2019	SRP164142	SRA-study	RNA-seq / transcriptome / expression array	Saccharomyces cerevisiae / Escherichia coli [inferred from organism mentions across the paper, not from the quote]	other	RNA-sequencing was performed at the Joint Genome Institute and used to identify a set of promoters that drive high or medium expression in different media including SD medium with 2% glucose (NCBI Accession SRP183741, SRP183740, SRP183739), and M9 minimal medium with added trace elements and 2% glucose (NCBI Accession SRP164139, SRP164140, SRP164141) or 10 mM p-coumaric acid (NCBI Accession SRP164142, SRP164143, SRP164144). Another dataset was generated at the University of California, Berkeley and included in the analysis (NCBI Accession GSE128360), which consists of samples grown in YNB minimal medium with 3% glucose and different carbon to nitrogen ratios (7 mM ammonium chloride or 168 mM	high
doi:10.1186/s12934-019-1167-0	10.1186/s12934-019-1167-0	2019	SRP164143	SRA-study	RNA-seq / transcriptome / expression array	Saccharomyces cerevisiae / Escherichia coli [inferred from organism mentions across the paper, not from the quote]	other	RNA-sequencing was performed at the Joint Genome Institute and used to identify a set of promoters that drive high or medium expression in different media including SD medium with 2% glucose (NCBI Accession SRP183741, SRP183740, SRP183739), and M9 minimal medium with added trace elements and 2% glucose (NCBI Accession SRP164139, SRP164140, SRP164141) or 10 mM p-coumaric acid (NCBI Accession SRP164142, SRP164143, SRP164144). Another dataset was generated at the University of California, Berkeley and included in the analysis (NCBI Accession GSE128360), which consists of samples grown in YNB minimal medium with 3% glucose and different carbon to nitrogen ratios (7 mM ammonium chloride or 168 mM	high
doi:10.1186/s12934-019-1167-0	10.1186/s12934-019-1167-0	2019	SRP164144	SRA-study	RNA-seq / transcriptome / expression array	Saccharomyces cerevisiae / Escherichia coli [inferred from organism mentions across the paper, not from the quote]	other	RNA-sequencing was performed at the Joint Genome Institute and used to identify a set of promoters that drive high or medium expression in different media including SD medium with 2% glucose (NCBI Accession SRP183741, SRP183740, SRP183739), and M9 minimal medium with added trace elements and 2% glucose (NCBI Accession SRP164139, SRP164140, SRP164141) or 10 mM p-coumaric acid (NCBI Accession SRP164142, SRP164143, SRP164144). Another dataset was generated at the University of California, Berkeley and included in the analysis (NCBI Accession GSE128360), which consists of samples grown in YNB minimal medium with 3% glucose and different carbon to nitrogen ratios (7 mM ammonium chloride or 168 mM	high
doi:10.1186/s12934-019-1167-0	10.1186/s12934-019-1167-0	2019	SRP183739	SRA-study	RNA-seq / transcriptome / expression array	Saccharomyces cerevisiae / Escherichia coli [inferred from organism mentions across the paper, not from the quote]	other	RNA-sequencing was performed at the Joint Genome Institute and used to identify a set of promoters that drive high or medium expression in different media including SD medium with 2% glucose (NCBI Accession SRP183741, SRP183740, SRP183739), and M9 minimal medium with added trace elements and 2% glucose (NCBI Accession SRP164139, SRP164140, SRP164141) or 10 mM p-coumaric acid (NCBI Accession SRP164142, SRP164143, SRP164144). Another dataset was generated at the University of California, Berkeley and included in the analysis (NCBI Accession GSE128360), which consists of samples grown in YNB minimal medium with 3% glucose and different carbon to nitrogen ratios (7 mM ammonium chloride or 168 mM	high
doi:10.1186/s12934-019-1167-0	10.1186/s12934-019-1167-0	2019	SRP183740	SRA-study	RNA-seq / transcriptome / expression array	Saccharomyces cerevisiae / Escherichia coli [inferred from organism mentions across the paper, not from the quote]	other	RNA-sequencing was performed at the Joint Genome Institute and used to identify a set of promoters that drive high or medium expression in different media including SD medium with 2% glucose (NCBI Accession SRP183741, SRP183740, SRP183739), and M9 minimal medium with added trace elements and 2% glucose (NCBI Accession SRP164139, SRP164140, SRP164141) or 10 mM p-coumaric acid (NCBI Accession SRP164142, SRP164143, SRP164144). Another dataset was generated at the University of California, Berkeley and included in the analysis (NCBI Accession GSE128360), which consists of samples grown in YNB minimal medium with 3% glucose and different carbon to nitrogen ratios (7 mM ammonium chloride or 168 mM	high
doi:10.1186/s12934-019-1167-0	10.1186/s12934-019-1167-0	2019	SRP183741	SRA-study	RNA-seq / transcriptome / expression array	Saccharomyces cerevisiae / Escherichia coli [inferred from organism mentions across the paper, not from the quote]	other	RNA-sequencing was performed at the Joint Genome Institute and used to identify a set of promoters that drive high or medium expression in different media including SD medium with 2% glucose (NCBI Accession SRP183741, SRP183740, SRP183739), and M9 minimal medium with added trace elements and 2% glucose (NCBI Accession SRP164139, SRP164140, SRP164141) or 10 mM p-coumaric acid (NCBI Accession SRP164142, SRP164143, SRP164144). Another dataset was generated at the University of California, Berkeley and included in the analysis (NCBI Accession GSE128360), which consists of samples grown in YNB minimal medium with 3% glucose and different carbon to nitrogen ratios (7 mM ammonium chloride or 168 mM	high
doi:10.1186/s13068-019-1405-z	10.1186/s13068-019-1405-z	2019	PRJNA397315	BioProject	genome sequencing / resequencing	Escherichia coli / Clostridium spp. [inferred from organism mentions across the paper, not from the quote]	other	Genomic DNA of BW1847 and BW1857 was submitted to Meiji Company (Shanghai) and Novogene (Beijing) for genome resequencing, respectively. Genome sequence of BW25113 (NZ-CP009273.1) was used as a reference sequence for mutation analysis. The sequencing data were deposited in Genebank (SRA accession No. PRJNA397315 and No. PRJNA399799 for BW1847 and BW1857, respectively). The mutated genes were amplified by PCR with 2×Pfu Mastermix (Kangwei Biotech Co. Beijing, China) for sequencing confirmation (Additional file : Additional data).	high
doi:10.1186/s13068-019-1405-z	10.1186/s13068-019-1405-z	2019	PRJNA399799	BioProject	genome sequencing / resequencing	Escherichia coli / Clostridium spp. [inferred from organism mentions across the paper, not from the quote]	other	Genomic DNA of BW1847 and BW1857 was submitted to Meiji Company (Shanghai) and Novogene (Beijing) for genome resequencing, respectively. Genome sequence of BW25113 (NZ-CP009273.1) was used as a reference sequence for mutation analysis. The sequencing data were deposited in Genebank (SRA accession No. PRJNA397315 and No. PRJNA399799 for BW1847 and BW1857, respectively). The mutated genes were amplified by PCR with 2×Pfu Mastermix (Kangwei Biotech Co. Beijing, China) for sequencing confirmation (Additional file : Additional data).	high
doi:10.1186/s13568-018-0647-7	10.1186/s13568-018-0647-7	2018	GSE110889	GEO-series	not described in the declaring sentence; GEO accession implies expression data	Candida/Scheffersomyces / Homo sapiens [inferred from organism mentions across the paper, not from the quote]	other	To study the Hsf1 genome-wide association, ChIPed DNA purified by Qiagen PCR purification kit send to Genotypic technology Bengaluru, for linear amplification by LMPCR (ligation mediated polymerase chain reaction) and size distribution of amplified fragment (~ 250–500 bp) as well as yields were determined. LMPCR was carried out by using 200 ng of input and immuno-precipitated DNA was blunted at 12 °C for 20 min using T4 DNA polymerase as per the Mammalian ChIP-on-chip Protocol Version 10.1 of Agilent Technologies. The blunted DNA was cleaned by phenol:chloroform extraction and the precipitated DNA was re-suspended in 25 μl of water. The entire DNA was ligated to linkers overnight. The linker	low
doi:10.12688/f1000research.11146.2	10.12688/f1000research.11146.2	2017	PRJEB19912	BioProject	not described in the declaring sentence	Candida/Scheffersomyces / Saccharomyces cerevisiae [inferred from organism mentions across the paper, not from the quote]	other	http://www.ebi.ac.uk/ena/data/view/PRJEB19912.	medium
doi:10.12688/wellcomeopenres.19998.1	10.12688/wellcomeopenres.19998.1	2023	ERR9503460	ENA-run	not described in the declaring sentence | TABLE CELL: the accession sits in a table; the preceding cell reads: "Hi-C Illumina"	Homo sapiens [inferred from organism mentions across the paper, not from the quote]	other	ERR9503460	medium
doi:10.12688/wellcomeopenres.19998.1	10.12688/wellcomeopenres.19998.1	2023	ERR9588940	ENA-run	not described in the declaring sentence | TABLE CELL: the accession sits in a table; the preceding cell reads: "PacificBiosciences SEQUEL II"	Homo sapiens [inferred from organism mentions across the paper, not from the quote]	other	ERR9588940, ERR9588941	medium
doi:10.12688/wellcomeopenres.19998.1	10.12688/wellcomeopenres.19998.1	2023	ERR9588941	ENA-run	not described in the declaring sentence | TABLE CELL: the accession sits in a table; the preceding cell reads: "PacificBiosciences SEQUEL II"	Homo sapiens [inferred from organism mentions across the paper, not from the quote]	other	ERR9588940, ERR9588941	medium
doi:10.12688/wellcomeopenres.19998.1	10.12688/wellcomeopenres.19998.1	2023	PRJEB52022	BioProject	not described in the declaring sentence	Homo sapiens [inferred from organism mentions across the paper, not from the quote]	other	European Nucleotide Archive.[dataset], accession number PRJEB52022,2022.	high
doi:10.12688/wellcomeopenres.23350.1	10.12688/wellcomeopenres.23350.1	2024	ERR11242134	ENA-run	not described in the declaring sentence | TABLE CELL: the accession sits in a table; the preceding cell reads: "PacificBiosciences SEQUEL II"	Homo sapiens [inferred from organism mentions across the paper, not from the quote]	other	ERR11242134, ERR11242135	medium
doi:10.12688/wellcomeopenres.23350.1	10.12688/wellcomeopenres.23350.1	2024	ERR11242135	ENA-run	not described in the declaring sentence | TABLE CELL: the accession sits in a table; the preceding cell reads: "PacificBiosciences SEQUEL II"	Homo sapiens [inferred from organism mentions across the paper, not from the quote]	other	ERR11242134, ERR11242135	medium
doi:10.12688/wellcomeopenres.23350.1	10.12688/wellcomeopenres.23350.1	2024	ERR11242558	ENA-run	not described in the declaring sentence | TABLE CELL: the accession sits in a table; the preceding cell reads: "Hi-C Illumina"	Homo sapiens [inferred from organism mentions across the paper, not from the quote]	other	ERR11242558	medium
doi:10.12688/wellcomeopenres.23350.1	10.12688/wellcomeopenres.23350.1	2024	ERR11242559	ENA-run	not described in the declaring sentence | TABLE CELL: the accession sits in a table; the preceding cell reads: "PolyA RNA-Seq Illumina"	Homo sapiens [inferred from organism mentions across the paper, not from the quote]	other	ERR11242559	medium
doi:10.12688/wellcomeopenres.23350.1	10.12688/wellcomeopenres.23350.1	2024	PRJEB61351	BioProject	genome sequencing / resequencing	Homo sapiens [inferred from organism mentions across the paper, not from the quote]	other	https://identifiers.org/ena.embl/PRJEB61351. The genome sequence is released openly for reuse. The	medium
doi:10.1371/journal.pbio.1002053	10.1371/journal.pbio.1002053	2015	E-MTAB-3090	ArrayExpress	not described in the declaring sentence	Homo sapiens / Synechocystis/Synechococcus (cyanobacteria) [inferred from organism mentions across the paper, not from the quote]	other	NL’s doctoral studies at the LMU Munich were supported by the China Scholarship Council (CSC). Further support was received from grants of the Deutsche Forschungsgemeinschaft (DFG) to JS and LS. The funders had no role in study design, data collection and analysis, decision to publish, or preparation of the manuscript.pmc-status-qastatus0pmc-status-liveyespmc-status-embargonopmc-status-releasedyespmc-prop-open-accessyespmc-prop-olfnopmc-prop-manuscriptnopmc-prop-legally-suppressednopmc-prop-has-pdfyespmc-prop-has-supplementyespmc-prop-pdf-onlynopmc-prop-suppress-copyrightnopmc-prop-is-real-versionnopmc-prop-is-scanned-articlenopmc-prop-preprintnopmc-prop-in-epmcyespmc-license-refCC BYData Av	low
doi:10.1371/journal.pntd.0013081	10.1371/journal.pntd.0013081	2025	PRJNA411	BioProject	proteomics	Homo sapiens / Candida/Scheffersomyces [inferred from organism mentions across the paper, not from the quote]	other	Peptide-to-spectrum matching (PSM) of the Thermo raw files was performed using MSFragger (version 3.8) via FragPipe (version 20) [,]. A closed search was performed against the C. neoformans proteome database (7,813 annotated proteins; project PRJNA411) [] with decoy and contaminant protein sequences automatically generated by Fragpipe. Enzyme specificity was set to trypsin with an allowance for up to one missed cleavage. Peptide search parameters were set to a sequence length between 7 and 50 amino acids and a mass range of between 300 and 5000 Da with a ± 20 ppm mass tolerance at the precursor and fragment ion level. Oxidation of methionine and N-terminal acetylation were set as variable mo	medium
doi:10.1371/journal.pntd.0013081	10.1371/journal.pntd.0013081	2025	PXD052384	PRIDE-proteomics	proteomics	Homo sapiens / Candida/Scheffersomyces [inferred from organism mentions across the paper, not from the quote]	other	Mass spectrometry proteomic data have been deposited into the European Bioinformatics Institute PRIDE database, with reference number PXD052384. https://www.ebi.ac.uk/pride/archive/projects/PXD052384 Code used to perform differential protein abundance analysis is available via Github: https://github.com/aidantay/CNAG_DEP_analysis.	high
doi:10.3389/fbioe.2025.1638716	10.3389/fbioe.2025.1638716	2025	PRJNA1269740	BioProject	not described in the declaring sentence	Lactococcus/Lactobacillus / Saccharomyces cerevisiae [inferred from organism mentions across the paper, not from the quote]	other	The datasets presented in this study can be found in online repositories. The names of the repository/repositories and accession number(s) can be found below: https://www.ncbi.nlm.nih.gov/, PRJNA1269740.	high
doi:10.3389/fmicb.2020.01204	10.3389/fmicb.2020.01204	2020	PRJNA606912	BioProject	not described in the declaring sentence	Saccharomyces cerevisiae / Homo sapiens [inferred from organism mentions across the paper, not from the quote]	other	The DNA and RNA sequencing information used in this work is available in the SRA repository (https://www.ncbi.nlm.nih.gov/sra) [BioProject ID: PRJNA606912]. All other relevant data are within the manuscript and it’s .	high
doi:10.3389/fmicb.2024.1394880	10.3389/fmicb.2024.1394880	2024	PRJNA1104300	BioProject	not described in the declaring sentence	Saccharomyces cerevisiae / Komagataella/Pichia [inferred from organism mentions across the paper, not from the quote]	other	The data presented in the study are deposited in the SRA repository, accession number PRJNA1104300.	high
doi:10.3389/fpls.2021.725571	10.3389/fpls.2021.725571	2021	GSE182773	GEO-series	not described in the declaring sentence; GEO accession implies expression data	Escherichia coli / Homo sapiens [inferred from organism mentions across the paper, not from the quote]	other	The original contributions (GSE182773) presented in the study are included in the article/, further inquiries can be directed to the corresponding author/s.	medium
doi:10.3390/ani11072139	10.3390/ani11072139	2021	PRJEB11755	BioProject	amplicon/metagenome; genome sequencing / resequencing	Sus scrofa (pig) / Homo sapiens [inferred from organism mentions across the paper, not from the quote]	other	A total of 287 fecal samples collected from China (n = 87), France (n = 100), and Denmark (n = 100) were sequenced using shotgun metagenomic sequencing technology by Xiao et al. [], of them, 10 samples from China were omitted because of low sequencing depth, and we downloaded 276 of these sequences from the European Nucleotide Archive (ENA) under accession code PRJEB11755. We filtered 11 samples due to their low sequencing depths. In addition, we downloaded the predicted gene catalog generated by Liang et al., from GiGaDB (http://gigadb.org/dataset/view/id/100187/token/F4CDHYruxobOKmsE, accessed on 11 November 2020) to annotate the CAZy genes.	high
doi:10.3390/foods13152452	10.3390/foods13152452	2024	PRJNA1102276	BioProject	amplicon/metagenome; genome sequencing / resequencing	Saccharomyces cerevisiae / Lactococcus/Lactobacillus [inferred from organism mentions across the paper, not from the quote]	other	The CTAB-based method was used to extract the DNA of the microbiome from Hongqu, Xiaoqu, and the fermented sample (Jiupei) was collected at days 2, 5, 10, 20, and 30 []. NanoDrop2000 (Thermo Fisher Scientific, Wilmington, NC, USA) was used to detect the quality and purity of the extracted DNA, respectively. The checked genomic DNA was sent to metagenomic sequencing based on the Illumina NovaSeq Xten (Illumina Inc., San Diego, CA, USA) []. The metagenomic data were analyzed in depth according to the methods reported in the previous literature []. High-quality short reads for each DNA sample were assembled using MetaVelvet []. Sequenced raw data were deposited in the Sequence Read Archive of t	low
doi:10.3390/jof8040323	10.3390/jof8040323	2022	PRJEB40807	BioProject	RNA-seq / transcriptome / expression array	Saccharomyces cerevisiae / Candida/Scheffersomyces [inferred from organism mentions across the paper, not from the quote]	other	Genome assembly and annotation was performed using a custom pipeline described elsewhere [], applying the program versions listed in . To further improve the annotation of transcripts and exon–intron boundaries, we additionally mapped RNA-Seq data from the closely related R. toruloides CBS 14 (PRJEB40807) to the R. babjevae genomes as previously described []. We used nQuire (v0.0) based on minimap2 short-read mappings (v2.17; no secondary alignments option) and the KmerCountExact script from the BBMap package (https://sourceforge.net/projects/bbmap/; accessed on 25 November 2021) (v38.86) to estimate the ploidy level of the R. babjevae strains [,]. To compare these methods and our ploidy res	high
doi:10.3390/jof8040323	10.3390/jof8040323	2022	PRJEB48745	BioProject	not described in the declaring sentence	Saccharomyces cerevisiae / Candida/Scheffersomyces [inferred from organism mentions across the paper, not from the quote]	other	This project has been deposited at ENA under the accession PRJEB48745.	high
doi:10.3390/jof8040323	10.3390/jof8040323	2022	SRR5821556	SRA-run	RNA-seq / transcriptome / expression array	Saccharomyces cerevisiae / Candida/Scheffersomyces [inferred from organism mentions across the paper, not from the quote]	other	Genome assembly and annotation was performed using a custom pipeline described elsewhere [], applying the program versions listed in . To further improve the annotation of transcripts and exon–intron boundaries, we additionally mapped RNA-Seq data from the closely related R. toruloides CBS 14 (PRJEB40807) to the R. babjevae genomes as previously described []. We used nQuire (v0.0) based on minimap2 short-read mappings (v2.17; no secondary alignments option) and the KmerCountExact script from the BBMap package (https://sourceforge.net/projects/bbmap/; accessed on 25 November 2021) (v38.86) to estimate the ploidy level of the R. babjevae strains [,]. To compare these methods and our ploidy res	low
doi:10.1007/s00203-024-04117-x	10.1007/s00203-024-04117-x	2024	PRJNA971766	BioProject	genome sequencing / resequencing | SOURCE: pdftotext extraction of a PDF full text, not JATS XML	Saccharomyces cerevisiae / Escherichia coli [inferred from organism mentions across the paper, not from the quote]	ethanol_reference	plate to generate prototrophic hybrids (F1). The yeast cells were transferred on an SC (without amino acid) agar plate, then the diploid cells were sporulated on sporulation agar plates (10 g/L potassium acetate, 1 g/L yeast extract, 0.5 g/L dextrose, 20 g/L agar). A total of 91 haploid segregants were isolated from the F1 progeny by using tetrad dissection. The genomic DNA samples of the S. cerevisiae BCC39850 haploid#17, CEN.PK2-1C and the haploid segregants were purified (Thermo Fisher Scientific, Waltham, MA, USA) then submitted for whole genome sequencing (MGI Tech, Guangdong, China). The single nucleotide polymorphisms (SNPs) mapping, linkage map construction and quantitative trait loc	low
doi:10.1007/s00253-020-10518-x	10.1007/s00253-020-10518-x	2020	PXD014236	PRIDE-proteomics	proteomics | SOURCE: pdftotext extraction of a PDF full text, not JATS XML	Saccharomyces cerevisiae / Escherichia coli [inferred from organism mentions across the paper, not from the quote]	ethanol_reference	19 the PRIDE (Perez-Riverol et al. 2019) partner repository with the dataset identifier PXD014236.	high
doi:10.1007/s00253-023-12843-3	10.1007/s00253-023-12843-3	2024	PRJNA971766	BioProject	genome sequencing / resequencing | SOURCE: pdftotext extraction of a PDF full text, not JATS XML	Saccharomyces cerevisiae / Homo sapiens [inferred from organism mentions across the paper, not from the quote]	ethanol_reference	Genomic DNA samples were obtained from 93 yeast strains, including the parental strains (BCC39850 haploid#17 and CEN.PK2-1C) and 91 segregants derived from the F1 progeny using a genomic DNA purification kit (Thermo Fisher Scientific, Waltham, MA, USA). The DNA samples were quantified using a NanoDrop ND-1000 spectrophotometer (Thermo Fisher Scientific, Waltham, MA, USA) and diluted to 20 ng/µL. Samples were submitted for whole-genome sequencing service (National Omics Center, Pathum Thani, Thailand) using the MGISEQ-2000RS platform (MGI Tech, Guangdong, China). Whole-genome sequencing libraries were constructed using the MGIEasy FS DNA Library Prep Set (MGI Tech, Guangdong, China). Genomic	low
doi:10.1016/j.biortech.2026.134456	10.1016/j.biortech.2026.134456	2026	PRJNA1376255	BioProject	genome sequencing / resequencing | SOURCE: pdftotext extraction of a PDF full text, not JATS XML	Saccharomyces cerevisiae / Lactococcus/Lactobacillus [inferred from organism mentions across the paper, not from the quote]	ethanol_reference	The ALE of candidate yeast strains was conducted over six stages, with the temperature incrementally raised at each step. Upon comple­ tion of each stage, genomic resequencing was performed to analyze potential mutations. Whole-genome resequencing was performed on the Illumina NovaSeq platform. Sequencing libraries were constructed using high-fidelity PCR amplification, and insert size distribution was verified using the Agilent 5400 system. Following quantitative PCR (qPCR) evaluation, the libraries were sequenced in paired-end 150 bp (PE150) mode. Raw sequencing reads were subjected to quality control and filtering, then aligned to the reference genome using BWA. PCR dupli­ cates were remo	low
doi:10.1016/j.biortech.2026.134456	10.1016/j.biortech.2026.134456	2026	PRJNA1376259	BioProject	not described in the declaring sentence | SOURCE: pdftotext extraction of a PDF full text, not JATS XML	Saccharomyces cerevisiae / Lactococcus/Lactobacillus [inferred from organism mentions across the paper, not from the quote]	ethanol_reference	Change| > 2 and an adjusted p-value <0.05. The raw sequencing data have been deposited in the NCBI SRA under accession number PRJNA1376259. 2.9. SSCF fermentation of adapted strains at 37◦C	high
doi:10.1016/j.biortech.2026.135679	10.1016/j.biortech.2026.135679	2026	PRJNA1442980	BioProject	not described in the declaring sentence | SOURCE: pdftotext extraction of a PDF full text, not JATS XML	Saccharomyces cerevisiae / Yarrowia lipolytica [inferred from organism mentions across the paper, not from the quote]	ethanol_reference	The raw sequencing data generated in this study have been deposited in the National Center for Biotechnology Information (NCBI) Sequence Read Archive (SRA) under accession number PRJNA1442980. These data are publicly accessible at https://www.ncbi.nlm.nih.gov/sra/ PRJNA1442980.	high
doi:10.1016/j.cels.2019.10.006	10.1016/j.cels.2019.10.006	2019	E-MTAB-8175	ArrayExpress	transposon / deletion-library screen; RNA-seq / transcriptome / expression array | SOURCE: pdftotext extraction of a PDF full text, not JATS XML	Saccharomyces cerevisiae / Escherichia coli [inferred from organism mentions across the paper, not from the quote]	isobutanol_producer	Complete data sets of tolerance factors for strains from yeast deletion library in the initial screen are available in Table S2. Data sets of genes whose deletion leads to sensitivity or confers highest tolerance to isobutanol in the second screen are available in Tables S3 and S4, respectively. Complete RNA-seq data are available in Table S6.The accession number for the RNA-seq data reported in this paper is ArrayExpress: E-MTAB-8175. e5 Cell Systems 9, 534–547.e1–e5, December 18, 2019	high
doi:10.1016/j.jbiosc.2017.04.012	10.1016/j.jbiosc.2017.04.012	2017	GSE78759	GEO-series	RNA-seq / transcriptome / expression array | SOURCE: pdftotext extraction of a PDF full text, not JATS XML	Saccharomyces cerevisiae / Escherichia coli [inferred from organism mentions across the paper, not from the quote]	ethanol_reference	Microarray data The microarray work is fully MIAME-compliant and the data have been deposited in the Gene Expression Omnibus (GEO) Database (http://www.ncbi.nlm.nih.gov/geo/query/acc.cgi?acc¼GSE78759) under the accession number GSE78759.	high
doi:10.1016/j.ymben.2011.09.005	10.1016/j.ymben.2011.09.005	2011	GSE30535	GEO-series	RNA-seq / transcriptome / expression array | SOURCE: pdftotext extraction of a PDF full text, not JATS XML	Saccharomyces cerevisiae / Escherichia coli [inferred from organism mentions across the paper, not from the quote]	ethanol_reference	DNA microarray analyses were performed with the S98 Yeast GeneChip arrays (Affymetrix, Santa Clara, USA) as previously described (Daran-Lapujade et al., 2004; Piper et al., 2002). Cells were transferred directly from chemostats into liquid nitrogen and processed according to the manufacturer’s instructions (Affymetrix, Santa Clara, USA) with the following modiﬁcations: double-stranded cDNA synthesis was carried out using 15 mg total RNA and the components of the One Cycle cDNA Synthesis Kit (Affymetrix, Santa Clara, USA). Doublestranded cDNA was puriﬁed using the GeneChip Sample Cleanup Module (Qiagen, Hilden, Germany) before in vitro transcription and labeling with the GeneChip IVT Labeling	low
doi:10.1016/j.ymben.2017.02.006	10.1016/j.ymben.2017.02.006	2017	SRP057817	SRA-study	genome sequencing / resequencing | SOURCE: pdftotext extraction of a PDF full text, not JATS XML	Saccharomyces cerevisiae / Escherichia coli [inferred from organism mentions across the paper, not from the quote]	ethanol_reference	The Illumina fastq ﬁles used for the HO gene read depth analyses have been deposited in the NCBI SRA, under accession SRP058208. The Illumina fastq ﬁles used for spore clone ploidy determination (ATCC 4124 parent strain, BY4741 haploid control, and 14 spore clones derived from ATCC 4124) have been deposited in the NCBI SRA, under accession SRP057817. 2.9. Cellulosic hydrolysate fermentation	high
doi:10.1016/j.ymben.2017.02.006	10.1016/j.ymben.2017.02.006	2017	SRP058208	SRA-study	genome sequencing / resequencing | SOURCE: pdftotext extraction of a PDF full text, not JATS XML	Saccharomyces cerevisiae / Escherichia coli [inferred from organism mentions across the paper, not from the quote]	ethanol_reference	The Illumina fastq ﬁles used for the HO gene read depth analyses have been deposited in the NCBI SRA, under accession SRP058208. The Illumina fastq ﬁles used for spore clone ploidy determination (ATCC 4124 parent strain, BY4741 haploid control, and 14 spore clones derived from ATCC 4124) have been deposited in the NCBI SRA, under accession SRP057817. 2.9. Cellulosic hydrolysate fermentation	high
doi:10.1016/j.ymben.2020.06.003	10.1016/j.ymben.2020.06.003	2020	GSE140075	GEO-series	not described in the declaring sentence; GEO accession implies expression data | SOURCE: pdftotext extraction of a PDF full text, not JATS XML	Saccharomyces cerevisiae / Escherichia coli [inferred from organism mentions across the paper, not from the quote]	ethanol_reference	S. cerevisiae was inoculated in nonstress (YPD with 2% glucose, 30 �C) and stress (YPD with 10% glucose, 36 �C) conditions, respectively, with an initial OD600 of 0.1. After 12 h of incubation, the cells were harvested by centrifugation, followed by washing in sterile water. RNA was extracted using the TRIzol method following the manufacturer’s protocol. The integrity of the RNA was examined by the RNA integrity number (RIN) using an Agilent 2100 bioanalyzer (Agilent, Santa Clara, USA). Oligo(dT)-attached magnetic beads were used to purify mRNA. The final cDNA library was amplified with phi29 to prepare DNA nanoballs (DNBs) containing more than 300 copies of one molecule. The DNBs were loade	low
doi:10.1016/j.ymben.2023.06.009	10.1016/j.ymben.2023.06.009	2023	GSE215000	GEO-series	RNA-seq / transcriptome / expression array | SOURCE: pdftotext extraction of a PDF full text, not JATS XML	Saccharomyces cerevisiae / Zymomonas mobilis [inferred from organism mentions across the paper, not from the quote]	ethanol_reference	Y. Zhang et al. collected on days 2 and 4 of culture, immediately homogenized in liquid nitrogen, and then stored at − 80 ◦C. Total RNA was extracted as described previously (Chaoguang et al., 2009). The total RNA was extracted from mycelia through mechanical disruption with a mortar and pestle. The extract was digested with DNase I and purified using the Qiagen RNeasy Mini kit. A cDNA library was then synthesized and sequenced using the DNBSEQ platform at BGI (Shenzhen, China). All data in this study were generated by sequencing three independent biological replicates. The transcriptomic data were deposited in the Gene Expression Omnibus (GEO, accession number: GSE215000) at the National Ce	high
doi:10.1093/jimb/kuag020	10.1093/jimb/kuag020	2026	PRJNA865262	BioProject	not described in the declaring sentence | SOURCE: pdftotext extraction of a PDF full text, not JATS XML	Lactococcus/Lactobacillus / Saccharomyces cerevisiae [inferred from organism mentions across the paper, not from the quote]	ethanol_reference	224 Read Archive (SRA) under the BioProject accession number PRJNA865262. All	high
doi:10.1101/2023.01.12.523808	10.1101/2023.01.12.523808	2023	GSE162197	GEO-series	RNA-seq / transcriptome / expression array | SOURCE: pdftotext extraction of a PDF full text, not JATS XML	Saccharomyces cerevisiae / Homo sapiens [inferred from organism mentions across the paper, not from the quote]	mitochondrial	Figure 3 Small world networks. Networks with (a) a low value of the small world parameter k results in few highly connected nodes (shown in red); and (b) a high value of k creates networks with most nodes having similar connectivity. 2.10. Yeast validation dataset We validate CoVar using gene expression data from a study on mitochondrial genome depletion in yeast (GEO accession: https://www.ncbi.nlm.nih.gov/geo/query/acc.cgi?acc=GSE162197)	high
doi:10.1101/2023.01.12.523808	10.1101/2023.01.12.523808	2023	GSM494630	GEO-sample	RNA-seq / transcriptome / expression array | SOURCE: pdftotext extraction of a PDF full text, not JATS XML	Saccharomyces cerevisiae / Homo sapiens [inferred from organism mentions across the paper, not from the quote]	mitochondrial	[41]. We consider control and perturbed datasets of a wild-type and a mutant strain in which the mitochondrial genome has been depleted. The control samples are EV1 mRNA-Seq WT replicates 1-3) GSM4946300, GSM494630, GSM4946302), while the perturbed samples are EV1 mRNASeq r0 replicates 1-3 (GSM4946315, GSM4946316, GSM4946317). 3. Results 3.1. Overview of CoVar CoVar utilizes machine learning and complex network theory to identify variational and core (or central) genes from gene expression data that are altered across two different biological conditions. Expression data from perturbed and control conditions are each represented as networks where nodes are genes and expression relationships a	medium
doi:10.1101/2023.01.12.523808	10.1101/2023.01.12.523808	2023	GSM4946300	GEO-sample	RNA-seq / transcriptome / expression array | SOURCE: pdftotext extraction of a PDF full text, not JATS XML	Saccharomyces cerevisiae / Homo sapiens [inferred from organism mentions across the paper, not from the quote]	mitochondrial	[41]. We consider control and perturbed datasets of a wild-type and a mutant strain in which the mitochondrial genome has been depleted. The control samples are EV1 mRNA-Seq WT replicates 1-3) GSM4946300, GSM494630, GSM4946302), while the perturbed samples are EV1 mRNASeq r0 replicates 1-3 (GSM4946315, GSM4946316, GSM4946317). 3. Results 3.1. Overview of CoVar CoVar utilizes machine learning and complex network theory to identify variational and core (or central) genes from gene expression data that are altered across two different biological conditions. Expression data from perturbed and control conditions are each represented as networks where nodes are genes and expression relationships a	medium
doi:10.1101/2023.01.12.523808	10.1101/2023.01.12.523808	2023	GSM4946302	GEO-sample	RNA-seq / transcriptome / expression array | SOURCE: pdftotext extraction of a PDF full text, not JATS XML	Saccharomyces cerevisiae / Homo sapiens [inferred from organism mentions across the paper, not from the quote]	mitochondrial	[41]. We consider control and perturbed datasets of a wild-type and a mutant strain in which the mitochondrial genome has been depleted. The control samples are EV1 mRNA-Seq WT replicates 1-3) GSM4946300, GSM494630, GSM4946302), while the perturbed samples are EV1 mRNASeq r0 replicates 1-3 (GSM4946315, GSM4946316, GSM4946317). 3. Results 3.1. Overview of CoVar CoVar utilizes machine learning and complex network theory to identify variational and core (or central) genes from gene expression data that are altered across two different biological conditions. Expression data from perturbed and control conditions are each represented as networks where nodes are genes and expression relationships a	medium
doi:10.1101/2023.01.12.523808	10.1101/2023.01.12.523808	2023	GSM4946315	GEO-sample	RNA-seq / transcriptome / expression array | SOURCE: pdftotext extraction of a PDF full text, not JATS XML	Saccharomyces cerevisiae / Homo sapiens [inferred from organism mentions across the paper, not from the quote]	mitochondrial	[41]. We consider control and perturbed datasets of a wild-type and a mutant strain in which the mitochondrial genome has been depleted. The control samples are EV1 mRNA-Seq WT replicates 1-3) GSM4946300, GSM494630, GSM4946302), while the perturbed samples are EV1 mRNASeq r0 replicates 1-3 (GSM4946315, GSM4946316, GSM4946317). 3. Results 3.1. Overview of CoVar CoVar utilizes machine learning and complex network theory to identify variational and core (or central) genes from gene expression data that are altered across two different biological conditions. Expression data from perturbed and control conditions are each represented as networks where nodes are genes and expression relationships a	medium
doi:10.1101/2023.01.12.523808	10.1101/2023.01.12.523808	2023	GSM4946316	GEO-sample	RNA-seq / transcriptome / expression array | SOURCE: pdftotext extraction of a PDF full text, not JATS XML	Saccharomyces cerevisiae / Homo sapiens [inferred from organism mentions across the paper, not from the quote]	mitochondrial	[41]. We consider control and perturbed datasets of a wild-type and a mutant strain in which the mitochondrial genome has been depleted. The control samples are EV1 mRNA-Seq WT replicates 1-3) GSM4946300, GSM494630, GSM4946302), while the perturbed samples are EV1 mRNASeq r0 replicates 1-3 (GSM4946315, GSM4946316, GSM4946317). 3. Results 3.1. Overview of CoVar CoVar utilizes machine learning and complex network theory to identify variational and core (or central) genes from gene expression data that are altered across two different biological conditions. Expression data from perturbed and control conditions are each represented as networks where nodes are genes and expression relationships a	medium
doi:10.1101/2023.01.12.523808	10.1101/2023.01.12.523808	2023	GSM4946317	GEO-sample	RNA-seq / transcriptome / expression array | SOURCE: pdftotext extraction of a PDF full text, not JATS XML	Saccharomyces cerevisiae / Homo sapiens [inferred from organism mentions across the paper, not from the quote]	mitochondrial	[41]. We consider control and perturbed datasets of a wild-type and a mutant strain in which the mitochondrial genome has been depleted. The control samples are EV1 mRNA-Seq WT replicates 1-3) GSM4946300, GSM494630, GSM4946302), while the perturbed samples are EV1 mRNASeq r0 replicates 1-3 (GSM4946315, GSM4946316, GSM4946317). 3. Results 3.1. Overview of CoVar CoVar utilizes machine learning and complex network theory to identify variational and core (or central) genes from gene expression data that are altered across two different biological conditions. Expression data from perturbed and control conditions are each represented as networks where nodes are genes and expression relationships a	medium
doi:10.1101/2024.12.22.629997	10.1101/2024.12.22.629997	2024	ERP014555	ENA-study	not described in the declaring sentence | SOURCE: pdftotext extraction of a PDF full text, not JATS XML	Saccharomyces cerevisiae / Homo sapiens [inferred from organism mentions across the paper, not from the quote]	mitochondrial	bioRxiv preprint doi: https://doi.org/10.1101/2024.12.22.629997; this version posted December 23, 2024. The copyright holder for this preprint (which was not certified by peer review) is the author/funder, who has granted bioRxiv a license to display the preprint in perpetuity. It is made available under a CC-BY-NC-ND 4.0 International license. 611 200 × 200 and 500 × 500 pixels. 612 613 Image Processing and Analysis 614 HS-AFM images were viewed and analyzed using Kodec 4.4.7.39 software (Sakashita M, M Imai, N Kodera, D 615 Maruyama, H Watanabe, Y Moriguchi, and T Ando. 2013. Kodec4.4.7.39). All images were processed with an X616 Resonance Noise Filter and X lineTilt correction; detailed i	low
doi:10.1101/2024.12.22.629997	10.1101/2024.12.22.629997	2024	GSE97290	GEO-series	not described in the declaring sentence; GEO accession implies expression data | SOURCE: pdftotext extraction of a PDF full text, not JATS XML	Saccharomyces cerevisiae / Homo sapiens [inferred from organism mentions across the paper, not from the quote]	mitochondrial	bioRxiv preprint doi: https://doi.org/10.1101/2024.12.22.629997; this version posted December 23, 2024. The copyright holder for this preprint (which was not certified by peer review) is the author/funder, who has granted bioRxiv a license to display the preprint in perpetuity. It is made available under a CC-BY-NC-ND 4.0 International license. 611 200 × 200 and 500 × 500 pixels. 612 613 Image Processing and Analysis 614 HS-AFM images were viewed and analyzed using Kodec 4.4.7.39 software (Sakashita M, M Imai, N Kodera, D 615 Maruyama, H Watanabe, Y Moriguchi, and T Ando. 2013. Kodec4.4.7.39). All images were processed with an X616 Resonance Noise Filter and X lineTilt correction; detailed i	low
doi:10.1101/2024.12.22.629997	10.1101/2024.12.22.629997	2024	PRJNA667271	BioProject	not described in the declaring sentence | SOURCE: pdftotext extraction of a PDF full text, not JATS XML	Saccharomyces cerevisiae / Homo sapiens [inferred from organism mentions across the paper, not from the quote]	mitochondrial	bioRxiv preprint doi: https://doi.org/10.1101/2024.12.22.629997; this version posted December 23, 2024. The copyright holder for this preprint (which was not certified by peer review) is the author/funder, who has granted bioRxiv a license to display the preprint in perpetuity. It is made available under a CC-BY-NC-ND 4.0 International license. 611 200 × 200 and 500 × 500 pixels. 612 613 Image Processing and Analysis 614 HS-AFM images were viewed and analyzed using Kodec 4.4.7.39 software (Sakashita M, M Imai, N Kodera, D 615 Maruyama, H Watanabe, Y Moriguchi, and T Ando. 2013. Kodec4.4.7.39). All images were processed with an X616 Resonance Noise Filter and X lineTilt correction; detailed i	low
doi:10.1101/2024.12.22.629997	10.1101/2024.12.22.629997	2024	SRX5434880	SRA-experiment	not described in the declaring sentence | SOURCE: pdftotext extraction of a PDF full text, not JATS XML	Saccharomyces cerevisiae / Homo sapiens [inferred from organism mentions across the paper, not from the quote]	mitochondrial	274 (https://www.ncbi.nlm.nih.gov/sra/SRX5472374 and https://www.ncbi.nlm.nih.gov/sra/SRX5434880)	medium
doi:10.1101/2024.12.22.629997	10.1101/2024.12.22.629997	2024	SRX5472374	SRA-experiment	not described in the declaring sentence | SOURCE: pdftotext extraction of a PDF full text, not JATS XML	Saccharomyces cerevisiae / Homo sapiens [inferred from organism mentions across the paper, not from the quote]	mitochondrial	274 (https://www.ncbi.nlm.nih.gov/sra/SRX5472374 and https://www.ncbi.nlm.nih.gov/sra/SRX5434880)	medium
doi:10.1101/2025.11.22.689898	10.1101/2025.11.22.689898	2025	PRJEB104107	BioProject	genome sequencing / resequencing | SOURCE: pdftotext extraction of a PDF full text, not JATS XML	Saccharomyces cerevisiae / Homo sapiens [inferred from organism mentions across the paper, not from the quote]	mitochondrial	DATA AVAILABILITY Illumina sequencing data have been deposited on the European Nucleotide Archive of the EBI under Study PRJEB104107 (https://www.ebi.ac.uk/ena/browser/home). This includes data for genome sequencing of the five EMS mutant strains described in the study, as well as data for deep genome sequencing of three bulks of segregants sorted based on fluorescence (BSA-seq data) for each of the five mutants crossed to the mapping strain YPW1240. Flow cytometry data will be available in the FlowRepository (https://flowrepository.org/) under experiment ID XXX.	high
doi:10.64898/2026.01.22.701062	10.64898/2026.01.22.701062	2026	PRJNA1337143	BioProject	not described in the declaring sentence | SOURCE: pdftotext extraction of a PDF full text, not JATS XML	Saccharomyces cerevisiae / Schizosaccharomyces pombe [inferred from organism mentions across the paper, not from the quote]	mitochondrial	566 Sequence Read Archive (accession no. PRJNA1337143). R scripts used to filter sequence	high
